city,app_date,issue_date,project_type,work_scope,review_days
Austin,2000-01-04,2000-01-04,Single Family,New Construction,0
Austin,2000-01-03,2000-01-03,Single Family,Alteration/Renovation,0
Austin,2000-02-22,2000-02-22,Single Family,Alteration/Renovation,0
Austin,2000-02-03,2000-02-03,Single Family,New Construction,0
Austin,2000-01-28,2000-01-28,Single Family,New Construction,0
Austin,2000-02-03,2000-02-03,Single Family,New Construction,0
Austin,2000-01-05,2000-01-05,Single Family,Alteration/Renovation,0
Austin,2000-02-07,2000-02-07,Single Family,New Construction,0
Austin,2000-01-21,2000-01-21,Single Family,New Construction,0
Austin,2000-02-02,2000-02-02,Single Family,New Construction,0
Austin,2000-02-16,2000-02-16,Single Family,New Construction,0
Austin,2000-01-12,2000-01-12,Single Family,Alteration/Renovation,0
Austin,2000-02-17,2000-02-17,Single Family,New Construction,0
Austin,2000-01-28,2000-01-28,Multifamily,New Construction,0
Austin,2000-01-28,2000-01-28,Multifamily,New Construction,0
Austin,2000-02-01,2000-02-01,Single Family,New Construction,0
Austin,2000-01-18,2000-01-18,Single Family,New Construction,0
Austin,2000-02-04,2000-02-04,Single Family,New Construction,0
Austin,1999-12-27,1999-12-27,Single Family,Alteration/Renovation,0
Austin,2000-01-29,2000-01-29,Single Family,Alteration/Renovation,0
Austin,2000-01-13,2000-01-13,Single Family,New Construction,0
Austin,2000-01-19,2000-01-19,Single Family,New Construction,0
Austin,1999-12-15,1999-12-15,Single Family,New Construction,0
Austin,2000-01-05,2000-01-05,Single Family,New Construction,0
Austin,1999-12-27,1999-12-27,Single Family,New Construction,0
Austin,1999-12-16,1999-12-16,Single Family,New Construction,0
Austin,2000-02-02,2000-02-02,Single Family,New Construction,0
Austin,2000-01-21,2000-01-21,Single Family,Alteration/Renovation,0
Austin,2000-02-17,2000-02-17,Single Family,New Construction,0
Austin,2000-02-08,2000-02-08,Single Family,New Construction,0
Austin,2000-02-18,2000-02-18,Single Family,Alteration/Renovation,0
Austin,1999-12-20,1999-12-20,Single Family,Alteration/Renovation,0
Austin,1999-12-16,1999-12-16,Single Family,New Construction,0
Austin,2000-01-18,2000-01-18,Multifamily,New Construction,0
Austin,2000-02-04,2000-02-04,Single Family,Alteration/Renovation,0
Austin,2000-01-14,2000-01-14,Single Family,New Construction,0
Austin,1999-12-16,1999-12-16,Single Family,Alteration/Renovation,0
Austin,2000-01-07,2000-01-07,Single Family,Alteration/Renovation,0
Austin,2000-02-16,2000-02-16,Single Family,Alteration/Renovation,0
Austin,2000-01-13,2000-01-13,Single Family,Alteration/Renovation,0
Austin,2000-02-07,2000-02-07,Single Family,New Construction,0
Austin,2000-01-28,2000-01-28,Single Family,New Construction,0
Austin,2000-01-27,2000-01-27,Single Family,New Construction,0
Austin,2000-02-15,2000-02-15,Single Family,Alteration/Renovation,0
Austin,2000-01-24,2000-01-24,Single Family,Alteration/Renovation,0
Austin,2000-02-09,2000-02-09,Single Family,Alteration/Renovation,0
Austin,2000-01-11,2000-01-11,Single Family,New Construction,0
Austin,2000-01-22,2000-01-22,Single Family,New Construction,0
Austin,2000-01-31,2000-01-31,Single Family,New Construction,0
Austin,2000-02-08,2000-02-08,Single Family,New Construction,0
Austin,2000-01-28,2000-01-28,Single Family,New Construction,0
Austin,2000-01-29,2000-01-29,Single Family,Alteration/Renovation,0
Austin,1999-12-15,1999-12-15,Single Family,New Construction,0
Austin,2000-01-24,2000-01-24,Single Family,Alteration/Renovation,0
Austin,2000-02-02,2000-02-02,Single Family,New Construction,0
Austin,2000-01-03,2000-01-03,Single Family,New Construction,0
Austin,2000-02-04,2000-02-04,Single Family,New Construction,0
Austin,2000-02-18,2000-02-18,Single Family,New Construction,0
Austin,2000-01-29,2000-01-29,Single Family,Alteration/Renovation,0
Austin,1999-12-30,1999-12-30,Single Family,Alteration/Renovation,0
Austin,2000-01-20,2000-01-20,Multifamily,New Construction,0
Austin,2000-01-03,2000-01-03,Multifamily,New Construction,0
Austin,2000-01-11,2000-01-11,Single Family,Alteration/Renovation,0
Austin,2000-01-10,2000-01-10,Single Family,Alteration/Renovation,0
Austin,1999-12-20,1999-12-20,Single Family,Alteration/Renovation,0
Austin,2000-01-11,2000-01-11,Single Family,New Construction,0
Austin,1999-12-21,1999-12-21,Single Family,Alteration/Renovation,0
Austin,2000-02-09,2000-02-09,Single Family,New Construction,0
Austin,2000-02-09,2000-02-09,Single Family,New Construction,0
Austin,2000-01-13,2000-01-13,Single Family,Alteration/Renovation,0
Austin,2000-02-04,2000-02-04,Single Family,New Construction,0
Austin,2000-02-01,2000-02-01,Single Family,New Construction,0
Austin,2000-02-18,2000-02-18,Single Family,New Construction,0
Austin,2000-02-18,2000-02-18,Single Family,Alteration/Renovation,0
Austin,2000-01-28,2000-01-28,Single Family,New Construction,0
Austin,2000-01-26,2000-01-26,Single Family,Alteration/Renovation,0
Austin,1999-12-15,1999-12-15,Single Family,Alteration/Renovation,0
Austin,2000-02-07,2000-02-07,Single Family,Alteration/Renovation,0
Austin,2000-01-14,2000-01-14,Single Family,Alteration/Renovation,0
Austin,2000-01-11,2000-01-11,Single Family,New Construction,0
Austin,2000-01-25,2000-01-25,Single Family,New Construction,0
Austin,2000-01-14,2000-01-14,Single Family,Alteration/Renovation,0
Austin,2000-02-03,2000-02-03,Single Family,New Construction,0
Austin,1999-12-15,1999-12-15,Single Family,New Construction,0
Austin,1999-12-21,1999-12-21,Single Family,Alteration/Renovation,0
Austin,2000-01-18,2000-01-18,Single Family,New Construction,0
Austin,2000-01-26,2000-01-26,Single Family,Alteration/Renovation,0
Austin,2000-01-10,2000-01-10,Single Family,New Construction,0
Austin,2000-01-18,2000-01-18,Single Family,New Construction,0
Austin,2000-01-27,2000-01-27,Single Family,Alteration/Renovation,0
Austin,2000-01-21,2000-01-21,Single Family,Alteration/Renovation,0
Austin,2000-01-27,2000-01-27,Single Family,New Construction,0
Austin,1999-12-30,1999-12-30,Single Family,New Construction,0
Austin,2000-01-04,2000-01-04,Multifamily,New Construction,0
Austin,1999-12-22,1999-12-22,Multifamily,New Construction,0
Austin,2000-01-27,2000-01-27,Single Family,Alteration/Renovation,0
Austin,2000-01-24,2000-01-24,Single Family,New Construction,0
Austin,1999-12-20,1999-12-20,Single Family,Alteration/Renovation,0
Austin,2000-01-31,2000-01-31,Single Family,Alteration/Renovation,0
Austin,2000-01-19,2000-01-19,Single Family,New Construction,0
Austin,2000-02-03,2000-02-03,Single Family,New Construction,0
Austin,2000-01-04,2000-01-04,Single Family,Alteration/Renovation,0
Austin,2000-01-25,2000-01-25,Single Family,New Construction,0
Austin,2000-02-01,2000-02-01,Single Family,New Construction,0
Austin,2000-01-26,2000-01-26,Single Family,Alteration/Renovation,0
Austin,2000-01-20,2000-01-20,Single Family,New Construction,0
Austin,1999-12-14,1999-12-14,Single Family,Alteration/Renovation,0
Austin,2000-01-19,2000-01-19,Single Family,Alteration/Renovation,0
Austin,1999-12-30,1999-12-30,Single Family,Alteration/Renovation,0
Austin,2000-02-02,2000-02-02,Single Family,Alteration/Renovation,0
Austin,2000-01-20,2000-01-20,Multifamily,New Construction,0
Austin,1999-12-14,1999-12-14,Single Family,Alteration/Renovation,0
Austin,2000-01-20,2000-01-20,Single Family,New Construction,0
Austin,2000-02-08,2000-02-08,Single Family,Alteration/Renovation,0
Austin,2000-01-27,2000-01-27,Single Family,New Construction,0
Austin,2000-01-24,2000-01-24,Single Family,New Construction,0
Austin,2000-01-10,2000-01-10,Multifamily,New Construction,0
Austin,2000-01-21,2000-01-21,Single Family,Alteration/Renovation,0
Austin,2000-01-24,2000-01-24,Single Family,New Construction,0
Austin,2000-01-26,2000-01-26,Single Family,New Construction,0
Austin,1999-12-29,1999-12-29,Single Family,New Construction,0
Austin,2000-02-04,2000-02-04,Single Family,New Construction,0
Austin,2000-01-19,2000-01-19,Single Family,New Construction,0
Austin,2000-02-03,2000-02-03,Single Family,Alteration/Renovation,0
Austin,2000-02-17,2000-02-17,Single Family,New Construction,0
Austin,2000-01-24,2000-01-24,Single Family,Alteration/Renovation,0
Austin,2000-02-03,2000-02-03,Single Family,New Construction,0
Austin,2000-01-31,2000-01-31,Single Family,New Construction,0
Austin,2000-01-07,2000-01-07,Single Family,New Construction,0
Austin,2000-01-14,2000-01-14,Single Family,New Construction,0
Austin,2000-01-28,2000-01-28,Single Family,New Construction,0
Austin,2000-01-06,2000-01-06,Single Family,Alteration/Renovation,0
Austin,1999-12-20,1999-12-20,Single Family,Alteration/Renovation,0
Austin,2000-01-14,2000-01-14,Single Family,New Construction,0
Austin,2000-01-21,2000-01-21,Single Family,Alteration/Renovation,0
Austin,2000-02-09,2000-02-09,Single Family,Alteration/Renovation,0
Austin,2000-02-07,2000-02-07,Single Family,New Construction,0
Austin,1999-12-22,1999-12-22,Single Family,Alteration/Renovation,0
Austin,2000-01-26,2000-01-26,Single Family,Alteration/Renovation,0
Austin,2000-02-03,2000-02-03,Single Family,New Construction,0
Austin,2000-01-26,2000-01-26,Single Family,Alteration/Renovation,0
Austin,2000-01-31,2000-01-31,Single Family,Alteration/Renovation,0
Austin,2000-01-14,2000-01-14,Single Family,Alteration/Renovation,0
Austin,1999-12-20,1999-12-20,Single Family,Alteration/Renovation,0
Austin,2000-01-03,2000-01-03,Single Family,New Construction,0
Austin,2000-01-05,2000-01-05,Single Family,New Construction,0
Austin,1999-12-14,1999-12-14,Single Family,New Construction,0
Austin,2000-02-22,2000-02-22,Single Family,Alteration/Renovation,0
Austin,2000-02-02,2000-02-02,Single Family,New Construction,0
Austin,2000-01-21,2000-01-21,Single Family,New Construction,0
Austin,1999-12-14,1999-12-14,Single Family,New Construction,0
Austin,2000-01-07,2000-01-07,Single Family,New Construction,0
Austin,2000-01-07,2000-01-07,Single Family,New Construction,0
Austin,1999-12-17,1999-12-17,Single Family,Alteration/Renovation,0
Austin,2000-02-08,2000-02-08,Single Family,Alteration/Renovation,0
Austin,2000-01-24,2000-01-24,Single Family,New Construction,0
Austin,2000-02-04,2000-02-04,Single Family,Alteration/Renovation,0
Austin,2000-02-16,2000-02-16,Single Family,New Construction,0
Austin,2000-02-18,2000-02-18,Single Family,Alteration/Renovation,0
Austin,2000-01-29,2000-01-29,Single Family,Alteration/Renovation,0
Austin,2000-01-03,2000-01-03,Single Family,New Construction,0
Austin,2000-01-28,2000-01-28,Single Family,New Construction,0
Austin,2000-02-18,2000-02-18,Single Family,New Construction,0
Austin,2000-02-03,2000-02-03,Single Family,New Construction,0
Austin,1999-12-22,1999-12-22,Single Family,New Construction,0
Austin,2000-01-29,2000-01-29,Single Family,Alteration/Renovation,0
Austin,1999-12-28,1999-12-28,Single Family,Alteration/Renovation,0
Austin,2000-01-25,2000-01-25,Single Family,Alteration/Renovation,0
Austin,2000-02-07,2000-02-07,Single Family,Alteration/Renovation,0
Austin,2000-02-17,2000-02-17,Single Family,New Construction,0
Austin,2000-02-04,2000-02-04,Single Family,Alteration/Renovation,0
Austin,2000-02-08,2000-02-08,Single Family,Alteration/Renovation,0
Austin,2000-01-11,2000-01-11,Single Family,Alteration/Renovation,0
Austin,1999-12-30,1999-12-30,Single Family,New Construction,0
Austin,2000-02-16,2000-02-16,Single Family,Alteration/Renovation,0
Austin,2000-02-10,2000-02-10,Single Family,New Construction,0
Austin,2000-01-19,2000-01-19,Single Family,Alteration/Renovation,0
Austin,2000-02-16,2000-02-16,Single Family,Alteration/Renovation,0
Austin,2000-01-12,2000-01-12,Single Family,New Construction,0
Austin,2000-01-27,2000-01-27,Single Family,Alteration/Renovation,0
Austin,2000-01-31,2000-01-31,Single Family,Alteration/Renovation,0
Austin,1999-12-21,1999-12-21,Single Family,Alteration/Renovation,0
Austin,2000-02-01,2000-02-01,Single Family,Alteration/Renovation,0
Austin,2000-01-07,2000-01-07,Single Family,New Construction,0
Austin,2000-01-20,2000-01-20,Multifamily,New Construction,0
Austin,2000-01-25,2000-01-25,Single Family,New Construction,0
Austin,2000-02-03,2000-02-03,Single Family,New Construction,0
Austin,1999-12-30,1999-12-30,Single Family,New Construction,0
Austin,2000-02-15,2000-02-15,Single Family,Alteration/Renovation,0
Austin,2000-02-02,2000-02-02,Single Family,Alteration/Renovation,0
Austin,2000-01-07,2000-01-07,Single Family,New Construction,0
Austin,2000-01-10,2000-01-10,Single Family,New Construction,0
Austin,1999-12-16,1999-12-16,Single Family,New Construction,0
Austin,1999-12-26,1999-12-26,Single Family,Alteration/Renovation,0
Austin,2000-01-04,2000-01-04,Multifamily,New Construction,0
Austin,2000-02-18,2000-02-18,Single Family,Alteration/Renovation,0
Austin,2000-02-09,2000-02-09,Single Family,New Construction,0
Austin,1999-12-29,1999-12-29,Single Family,Alteration/Renovation,0
Austin,1999-12-28,1999-12-28,Single Family,New Construction,0
Austin,1999-12-16,1999-12-16,Single Family,Alteration/Renovation,0
Austin,2000-02-04,2000-02-04,Single Family,Alteration/Renovation,0
Austin,2000-02-18,2000-02-18,Single Family,Alteration/Renovation,0
Austin,2000-02-15,2000-02-15,Single Family,Alteration/Renovation,0
Austin,1999-12-22,1999-12-22,Single Family,New Construction,0
Austin,2000-01-06,2000-01-06,Single Family,New Construction,0
Austin,2000-02-03,2000-02-03,Single Family,New Construction,0
Austin,2000-01-10,2000-01-10,Single Family,New Construction,0
Austin,2000-01-07,2000-01-07,Single Family,Alteration/Renovation,0
Austin,1999-12-14,1999-12-14,Single Family,Alteration/Renovation,0
Austin,2000-02-07,2000-02-07,Single Family,Alteration/Renovation,0
Austin,1998-12-22,1998-12-22,Single Family,Alteration/Renovation,0
Austin,2000-02-08,2000-02-08,Single Family,Alteration/Renovation,0
Austin,2000-01-20,2000-01-20,Single Family,Alteration/Renovation,0
Austin,2000-01-10,2000-01-10,Single Family,New Construction,0
Austin,1999-12-14,1999-12-14,Single Family,New Construction,0
Austin,2000-02-07,2000-02-07,Single Family,New Construction,0
Austin,2000-02-03,2000-02-03,Single Family,New Construction,0
Austin,2000-01-10,2000-01-10,Single Family,New Construction,0
Austin,1999-12-14,1999-12-14,Multifamily,Alteration/Renovation,0
Austin,1999-12-26,1999-12-26,Single Family,New Construction,0
Austin,2000-01-12,2000-01-12,Single Family,Alteration/Renovation,0
Austin,2000-01-14,2000-01-14,Single Family,Alteration/Renovation,0
Austin,2000-02-03,2000-02-03,Single Family,New Construction,0
Austin,2000-02-22,2000-02-22,Single Family,Alteration/Renovation,0
Austin,2000-01-28,2000-01-28,Single Family,New Construction,0
Austin,2000-02-02,2000-02-02,Single Family,New Construction,0
Austin,2000-01-24,2000-01-24,Single Family,Alteration/Renovation,0
Austin,2000-01-10,2000-01-10,Single Family,Alteration/Renovation,0
Austin,1999-12-17,1999-12-17,Single Family,Alteration/Renovation,0
Austin,1999-12-28,1999-12-28,Single Family,New Construction,0
Austin,1999-12-23,1999-12-23,Single Family,Alteration/Renovation,0
Austin,2000-02-07,2000-02-07,Single Family,Alteration/Renovation,0
Austin,2000-02-01,2000-02-01,Single Family,Alteration/Renovation,0
Austin,2000-01-03,2000-01-03,Single Family,New Construction,0
Austin,2000-02-03,2000-02-03,Single Family,New Construction,0
Austin,2000-01-21,2000-01-21,Single Family,Alteration/Renovation,0
Austin,2000-01-19,2000-01-19,Single Family,New Construction,0
Austin,1999-12-14,1999-12-14,Single Family,New Construction,0
Austin,1999-12-20,1999-12-20,Multifamily,Alteration/Renovation,0
Austin,2000-01-11,2000-01-11,Single Family,Alteration/Renovation,0
Austin,2000-02-02,2000-02-02,Single Family,Alteration/Renovation,0
Austin,2000-01-04,2000-01-04,Single Family,Alteration/Renovation,0
Austin,2000-01-18,2000-01-18,Single Family,New Construction,0
Austin,2000-02-02,2000-02-02,Single Family,Alteration/Renovation,0
Austin,2000-01-07,2000-01-07,Multifamily,New Construction,0
Austin,2000-01-10,2000-01-10,Single Family,New Construction,0
Austin,2000-01-19,2000-01-19,Single Family,Alteration/Renovation,0
Austin,2000-02-17,2000-02-17,Single Family,Alteration/Renovation,0
Austin,2000-02-17,2000-02-17,Single Family,New Construction,0
Austin,2000-02-22,2000-02-22,Single Family,New Construction,0
Austin,2000-01-12,2000-01-12,Single Family,New Construction,0
Austin,2000-02-02,2000-02-02,Single Family,Alteration/Renovation,0
Austin,1999-12-29,1999-12-29,Single Family,New Construction,0
Austin,2000-01-21,2000-01-21,Single Family,Alteration/Renovation,0
Austin,2000-01-20,2000-01-20,Single Family,New Construction,0
Austin,1999-12-23,1999-12-23,Single Family,Alteration/Renovation,0
Austin,2000-01-22,2000-01-22,Single Family,New Construction,0
Austin,2000-01-18,2000-01-18,Single Family,Alteration/Renovation,0
Austin,2000-01-10,2000-01-10,Single Family,New Construction,0
Austin,2000-01-06,2000-01-06,Single Family,New Construction,0
Austin,2000-02-07,2000-02-07,Single Family,Alteration/Renovation,0
Austin,1999-12-22,1999-12-22,Single Family,Alteration/Renovation,0
Austin,2000-01-26,2000-01-26,Single Family,Alteration/Renovation,0
Austin,2000-01-26,2000-01-26,Single Family,New Construction,0
Austin,2000-02-01,2000-02-01,Single Family,Alteration/Renovation,0
Austin,2000-01-07,2000-01-07,Single Family,New Construction,0
Austin,1999-12-17,1999-12-17,Single Family,Alteration/Renovation,0
Austin,2000-02-04,2000-02-04,Single Family,Alteration/Renovation,0
Austin,2000-02-16,2000-02-16,Single Family,New Construction,0
Austin,2000-01-24,2000-01-24,Single Family,New Construction,0
Austin,2000-01-31,2000-01-31,Single Family,New Construction,0
Austin,2000-01-06,2000-01-06,Single Family,New Construction,0
Austin,2000-01-20,2000-01-20,Single Family,New Construction,0
Austin,2000-01-07,2000-01-07,Single Family,Alteration/Renovation,0
Austin,1999-12-14,1999-12-14,Single Family,New Construction,0
Austin,2000-01-20,2000-01-20,Single Family,Alteration/Renovation,0
Austin,1999-12-21,1999-12-21,Single Family,New Construction,0
Austin,2000-01-18,2000-01-18,Single Family,New Construction,0
Austin,2000-01-21,2000-01-21,Single Family,New Construction,0
Austin,2000-01-12,2000-01-12,Single Family,New Construction,0
Austin,2000-01-14,2000-01-14,Single Family,New Construction,0
Austin,2000-01-13,2000-01-13,Single Family,Alteration/Renovation,0
Austin,2000-02-16,2000-02-16,Single Family,Alteration/Renovation,0
Austin,2000-01-18,2000-01-18,Single Family,Alteration/Renovation,0
Austin,2000-01-05,2000-01-05,Single Family,Alteration/Renovation,0
Austin,2000-01-20,2000-01-20,Single Family,New Construction,0
Austin,2000-02-18,2000-02-18,Single Family,Alteration/Renovation,0
Austin,2000-01-05,2000-01-05,Single Family,New Construction,0
Austin,2000-01-26,2000-01-26,Single Family,New Construction,0
Austin,1999-12-13,1999-12-13,Single Family,Alteration/Renovation,0
Austin,2000-01-24,2000-01-24,Single Family,New Construction,0
Austin,2000-01-13,2000-01-13,Single Family,Alteration/Renovation,0
Austin,2000-01-24,2000-01-24,Single Family,Alteration/Renovation,0
Austin,1999-12-30,1999-12-30,Single Family,Alteration/Renovation,0
Austin,2000-02-02,2000-02-02,Single Family,Alteration/Renovation,0
Austin,1999-12-15,1999-12-15,Single Family,New Construction,0
Austin,2000-01-12,2000-01-12,Single Family,New Construction,0
Austin,2000-02-01,2000-02-01,Single Family,New Construction,0
Austin,2000-02-16,2000-02-16,Single Family,Alteration/Renovation,0
Austin,2000-01-12,2000-01-12,Single Family,Alteration/Renovation,0
Austin,2000-01-10,2000-01-10,Single Family,Alteration/Renovation,0
Austin,2000-01-28,2000-01-28,Single Family,New Construction,0
Austin,2000-01-21,2000-01-21,Single Family,New Construction,0
Austin,2000-02-07,2000-02-07,Single Family,Alteration/Renovation,0
Austin,2000-01-31,2000-01-31,Single Family,Alteration/Renovation,0
Austin,2000-02-09,2000-02-09,Single Family,New Construction,0
Austin,2000-01-28,2000-01-28,Single Family,New Construction,0
Austin,2000-01-19,2000-01-19,Single Family,Alteration/Renovation,0
Austin,2000-02-09,2000-02-09,Single Family,Alteration/Renovation,0
Austin,2000-01-27,2000-01-27,Single Family,New Construction,0
Austin,1999-12-15,1999-12-15,Single Family,Alteration/Renovation,0
Austin,2000-01-20,2000-01-20,Single Family,Alteration/Renovation,0
Austin,2000-01-24,2000-01-24,Single Family,New Construction,0
Austin,2000-02-04,2000-02-04,Single Family,Alteration/Renovation,0
Austin,2000-01-29,2000-01-29,Single Family,Alteration/Renovation,0
Austin,1999-12-29,1999-12-29,Single Family,New Construction,0
Austin,1999-12-30,1999-12-30,Single Family,Alteration/Renovation,0
Austin,2000-01-07,2000-01-07,Single Family,New Construction,0
Austin,2000-01-27,2000-01-27,Single Family,Alteration/Renovation,0
Austin,2000-01-03,2000-01-03,Single Family,New Construction,0
Austin,2000-02-01,2000-02-01,Single Family,New Construction,0
Austin,2000-01-26,2000-01-26,Single Family,Alteration/Renovation,0
Austin,2000-02-16,2000-02-16,Multifamily,New Construction,0
Austin,1999-12-21,1999-12-21,Single Family,Alteration/Renovation,0
Austin,2000-01-18,2000-01-18,Single Family,New Construction,0
Austin,2000-02-04,2000-02-04,Single Family,Alteration/Renovation,0
Austin,2000-01-11,2000-01-11,Single Family,New Construction,0
Austin,2000-01-18,2000-01-18,Single Family,New Construction,0
Austin,2000-01-06,2000-01-06,Single Family,New Construction,0
Austin,2000-01-10,2000-01-10,Single Family,New Construction,0
Austin,2000-02-09,2000-02-09,Single Family,Alteration/Renovation,0
Austin,2000-02-04,2000-02-04,Single Family,Alteration/Renovation,0
Austin,2000-01-18,2000-01-18,Single Family,New Construction,0
Austin,2000-01-07,2000-01-07,Single Family,New Construction,0
Austin,1999-12-15,1999-12-15,Single Family,Alteration/Renovation,0
Austin,2000-01-07,2000-01-07,Single Family,Alteration/Renovation,0
Austin,1999-12-21,1999-12-21,Single Family,New Construction,0
Austin,2000-01-27,2000-01-27,Single Family,Alteration/Renovation,0
Austin,2000-01-03,2000-01-03,Single Family,New Construction,0
Austin,2000-01-26,2000-01-26,Single Family,Alteration/Renovation,0
Austin,2000-01-29,2000-01-29,Single Family,New Construction,0
Austin,2000-02-04,2000-02-04,Single Family,New Construction,0
Austin,2000-02-09,2000-02-09,Multifamily,New Construction,0
Austin,2000-01-13,2000-01-13,Single Family,New Construction,0
Austin,1999-12-22,1999-12-22,Single Family,New Construction,0
Austin,2000-01-31,2000-01-31,Single Family,New Construction,0
Austin,2000-01-21,2000-01-21,Single Family,Alteration/Renovation,0
Austin,2000-01-31,2000-01-31,Single Family,Alteration/Renovation,0
Austin,2000-01-14,2000-01-14,Single Family,New Construction,0
Austin,2000-01-27,2000-01-27,Single Family,Alteration/Renovation,0
Austin,1999-12-14,1999-12-14,Single Family,Alteration/Renovation,0
Austin,2000-01-20,2000-01-20,Multifamily,New Construction,0
Austin,2000-02-01,2000-02-01,Single Family,Alteration/Renovation,0
Austin,2000-02-04,2000-02-04,Single Family,Alteration/Renovation,0
Austin,2000-01-21,2000-01-21,Single Family,New Construction,0
Austin,2000-01-03,2000-01-03,Single Family,New Construction,0
Austin,2000-01-11,2000-01-11,Single Family,New Construction,0
Austin,2000-02-09,2000-02-09,Single Family,Alteration/Renovation,0
Austin,2000-02-08,2000-02-08,Single Family,New Construction,0
Austin,2000-01-19,2000-01-19,Single Family,Alteration/Renovation,0
Austin,2000-01-11,2000-01-11,Single Family,New Construction,0
Austin,2000-01-04,2000-01-04,Single Family,Alteration/Renovation,0
Austin,2000-01-19,2000-01-19,Single Family,New Construction,0
Austin,2000-02-02,2000-02-02,Single Family,Alteration/Renovation,0
Austin,2000-01-27,2000-01-27,Single Family,New Construction,0
Austin,2000-01-25,2000-01-25,Single Family,Alteration/Renovation,0
Austin,2000-02-08,2000-02-08,Single Family,New Construction,0
Austin,2000-01-20,2000-01-20,Single Family,New Construction,0
Austin,1999-12-21,1999-12-21,Single Family,New Construction,0
Austin,1999-12-14,1999-12-14,Single Family,Alteration/Renovation,0
Austin,2000-01-03,2000-01-03,Single Family,New Construction,0
Austin,1999-12-15,1999-12-15,Single Family,New Construction,0
Austin,2000-02-07,2000-02-07,Single Family,Alteration/Renovation,0
Austin,1999-12-21,1999-12-21,Single Family,Alteration/Renovation,0
Austin,1999-12-13,1999-12-13,Single Family,Alteration/Renovation,0
Austin,2000-01-31,2000-01-31,Single Family,New Construction,0
Austin,1999-12-22,1999-12-22,Single Family,New Construction,0
Austin,2000-01-25,2000-01-25,Single Family,New Construction,0
Austin,2000-02-17,2000-02-17,Single Family,New Construction,0
Austin,2000-01-10,2000-01-10,Single Family,Alteration/Renovation,0
Austin,2000-01-19,2000-01-19,Single Family,Alteration/Renovation,0
Austin,2000-01-31,2000-01-31,Single Family,Alteration/Renovation,0
Austin,2000-02-16,2000-02-16,Single Family,New Construction,0
Austin,2000-02-04,2000-02-04,Single Family,New Construction,0
Austin,2000-02-18,2000-02-18,Single Family,Alteration/Renovation,0
Austin,2000-01-29,2000-01-29,Single Family,Alteration/Renovation,0
Austin,2000-01-04,2000-01-04,Single Family,Alteration/Renovation,0
Austin,2000-02-03,2000-02-03,Single Family,New Construction,0
Austin,2000-02-04,2000-02-04,Multifamily,Alteration/Renovation,0
Austin,2000-02-08,2000-02-08,Single Family,New Construction,0
Austin,2000-01-14,2000-01-14,Single Family,Alteration/Renovation,0
Austin,2000-01-18,2000-01-18,Single Family,New Construction,0
Austin,2000-01-03,2000-01-03,Single Family,New Construction,0
Austin,2000-01-28,2000-01-28,Single Family,Alteration/Renovation,0
Austin,2000-01-06,2000-01-06,Single Family,Alteration/Renovation,0
Austin,2000-02-03,2000-02-03,Single Family,New Construction,0
Austin,1999-12-28,1999-12-28,Single Family,Alteration/Renovation,0
Austin,2000-02-09,2000-02-09,Single Family,New Construction,0
Austin,1999-12-16,1999-12-16,Single Family,New Construction,0
Austin,2000-01-21,2000-01-21,Single Family,Alteration/Renovation,0
Austin,2000-01-27,2000-01-27,Single Family,New Construction,0
Austin,2000-01-05,2000-01-05,Single Family,Alteration/Renovation,0
Austin,2000-02-09,2000-02-09,Single Family,Alteration/Renovation,0
Austin,2000-01-20,2000-01-20,Multifamily,New Construction,0
Austin,2000-02-18,2000-02-18,Single Family,Alteration/Renovation,0
Austin,2000-02-07,2000-02-07,Single Family,New Construction,0
Austin,2000-02-17,2000-02-17,Single Family,Alteration/Renovation,0
Austin,2000-01-20,2000-01-20,Single Family,Alteration/Renovation,0
Austin,2000-02-05,2000-02-05,Single Family,New Construction,0
Austin,1999-12-15,1999-12-15,Single Family,Alteration/Renovation,0
Austin,2000-01-13,2000-01-13,Single Family,New Construction,0
Austin,2000-02-02,2000-02-02,Single Family,Alteration/Renovation,0
Austin,2000-01-21,2000-01-21,Single Family,Alteration/Renovation,0
Austin,2000-02-08,2000-02-08,Single Family,New Construction,0
Austin,2000-02-18,2000-02-18,Single Family,Alteration/Renovation,0
Austin,1999-12-14,1999-12-14,Single Family,New Construction,0
Austin,2000-01-06,2000-01-06,Single Family,New Construction,0
Austin,2000-02-01,2000-02-01,Single Family,New Construction,0
Austin,2000-01-14,2000-01-14,Single Family,New Construction,0
Austin,2000-01-28,2000-01-28,Single Family,New Construction,0
Austin,2000-01-11,2000-01-11,Single Family,New Construction,0
Austin,2000-01-21,2000-01-21,Single Family,New Construction,0
Austin,2000-01-18,2000-01-18,Single Family,New Construction,0
Austin,2000-01-28,2000-01-28,Single Family,New Construction,0
Austin,2000-01-20,2000-01-20,Single Family,Alteration/Renovation,0
Austin,1999-12-30,1999-12-30,Single Family,Alteration/Renovation,0
Austin,2000-02-08,2000-02-08,Single Family,New Construction,0
Austin,1999-12-21,1999-12-21,Single Family,New Construction,0
Austin,2000-01-19,2000-01-19,Single Family,New Construction,0
Austin,2000-01-26,2000-01-26,Single Family,New Construction,0
Austin,2000-01-24,2000-01-24,Single Family,New Construction,0
Austin,2000-01-18,2000-01-18,Single Family,New Construction,0
Austin,2000-01-12,2000-01-12,Single Family,New Construction,0
Austin,2000-01-31,2000-01-31,Single Family,New Construction,0
Austin,1999-12-30,1999-12-30,Single Family,Alteration/Renovation,0
Austin,1999-12-17,1999-12-17,Single Family,New Construction,0
Austin,1999-12-14,1999-12-14,Single Family,Alteration/Renovation,0
Austin,2000-01-18,2000-01-18,Single Family,Alteration/Renovation,0
Austin,2000-01-27,2000-01-27,Single Family,New Construction,0
Austin,2000-01-13,2000-01-13,Single Family,New Construction,0
Austin,2000-01-31,2000-01-31,Single Family,New Construction,0
Austin,2000-01-27,2000-01-27,Single Family,New Construction,0
Austin,2000-02-04,2000-02-04,Single Family,Alteration/Renovation,0
Austin,1998-12-21,1998-12-21,Single Family,New Construction,0
Austin,1999-12-28,1999-12-28,Single Family,New Construction,0
Austin,2000-02-07,2000-02-07,Single Family,New Construction,0
Austin,2000-01-25,2000-01-25,Single Family,New Construction,0
Austin,2000-01-14,2000-01-14,Single Family,Alteration/Renovation,0
Austin,1999-12-14,1999-12-14,Single Family,Alteration/Renovation,0
Austin,2000-01-27,2000-01-27,Single Family,Alteration/Renovation,0
Austin,1999-12-27,1999-12-27,Single Family,Alteration/Renovation,0
Austin,2000-02-01,2000-02-01,Single Family,New Construction,0
Austin,2000-01-19,2000-01-19,Single Family,Alteration/Renovation,0
Austin,2000-02-22,2000-02-22,Single Family,Alteration/Renovation,0
Austin,2000-01-24,2000-01-24,Single Family,Alteration/Renovation,0
Austin,2000-01-10,2000-01-10,Single Family,New Construction,0
Austin,1999-12-17,1999-12-17,Single Family,New Construction,0
Austin,2000-01-28,2000-01-28,Multifamily,New Construction,0
Austin,2000-02-04,2000-02-04,Single Family,Alteration/Renovation,0
Austin,2000-02-03,2000-02-03,Single Family,New Construction,0
Austin,2000-01-03,2000-01-03,Single Family,Alteration/Renovation,0
Austin,1999-12-26,1999-12-26,Single Family,New Construction,0
Austin,2000-01-21,2000-01-21,Multifamily,New Construction,0
Austin,2000-01-11,2000-01-11,Single Family,New Construction,0
Austin,2000-01-13,2000-01-13,Single Family,New Construction,0
Austin,2000-02-09,2000-02-09,Single Family,Alteration/Renovation,0
Austin,2000-02-03,2000-02-03,Single Family,New Construction,0
Austin,2000-01-11,2000-01-11,Single Family,New Construction,0
Austin,2000-02-09,2000-02-09,Single Family,Alteration/Renovation,0
Austin,2000-01-31,2000-01-31,Single Family,Alteration/Renovation,0
Austin,2000-02-08,2000-02-08,Single Family,New Construction,0
Austin,2000-01-19,2000-01-19,Single Family,New Construction,0
Austin,2000-02-16,2000-02-16,Single Family,Alteration/Renovation,0
Austin,2000-02-22,2000-02-22,Single Family,New Construction,0
Austin,1999-12-21,1999-12-21,Single Family,New Construction,0
Austin,2000-01-03,2000-01-03,Single Family,New Construction,0
Austin,2000-01-07,2000-01-07,Single Family,Alteration/Renovation,0
Austin,2000-02-08,2000-02-08,Single Family,Alteration/Renovation,0
Austin,2000-02-08,2000-02-08,Single Family,Alteration/Renovation,0
Austin,2000-01-07,2000-01-07,Single Family,New Construction,0
Austin,2000-01-22,2000-01-22,Single Family,New Construction,0
Austin,2000-01-18,2000-01-18,Single Family,New Construction,0
Austin,2000-02-07,2000-02-07,Single Family,New Construction,0
Austin,1999-12-27,1999-12-27,Single Family,New Construction,0
Austin,1999-12-16,1999-12-16,Single Family,New Construction,0
Austin,2000-02-17,2000-02-17,Single Family,Alteration/Renovation,0
Austin,1999-12-17,1999-12-17,Single Family,Alteration/Renovation,0
Austin,2000-02-02,2000-02-02,Single Family,New Construction,0
Austin,2000-01-20,2000-01-20,Single Family,New Construction,0
Austin,2000-01-31,2000-01-31,Single Family,Alteration/Renovation,0
Austin,2000-01-31,2000-01-31,Single Family,Alteration/Renovation,0
Austin,2000-01-14,2000-01-14,Single Family,Alteration/Renovation,0
Austin,2000-01-06,2000-01-06,Single Family,New Construction,0
Austin,2000-01-12,2000-01-12,Single Family,Alteration/Renovation,0
Austin,2000-02-02,2000-02-02,Single Family,New Construction,0
Austin,2000-01-18,2000-01-18,Single Family,New Construction,0
Austin,1999-12-20,1999-12-20,Single Family,New Construction,0
Austin,1999-12-21,1999-12-21,Single Family,Alteration/Renovation,0
Austin,1999-12-17,1999-12-17,Single Family,Alteration/Renovation,0
Austin,2000-02-02,2000-02-02,Single Family,Alteration/Renovation,0
Austin,2000-01-31,2000-01-31,Single Family,Alteration/Renovation,0
Austin,2000-01-04,2000-01-04,Single Family,New Construction,0
Austin,1999-12-21,1999-12-21,Single Family,New Construction,0
Austin,2000-01-25,2000-01-25,Single Family,New Construction,0
Austin,2000-01-05,2000-01-05,Single Family,New Construction,0
Austin,1999-12-17,1999-12-17,Single Family,Alteration/Renovation,0
Austin,2000-02-04,2000-02-04,Single Family,New Construction,0
Austin,2000-02-02,2000-02-02,Single Family,New Construction,0
Austin,2000-02-04,2000-02-04,Single Family,Alteration/Renovation,0
Austin,2000-01-20,2000-01-20,Single Family,Alteration/Renovation,0
Austin,2000-01-19,2000-01-19,Multifamily,Alteration/Renovation,0
Austin,1999-12-29,1999-12-29,Single Family,Alteration/Renovation,0
Austin,2000-01-12,2000-01-12,Single Family,New Construction,0
Austin,2000-02-17,2000-02-17,Single Family,Alteration/Renovation,0
Austin,2000-01-14,2000-01-14,Single Family,Alteration/Renovation,0
Austin,2000-01-29,2000-01-29,Single Family,Alteration/Renovation,0
Austin,2000-01-21,2000-01-21,Single Family,Alteration/Renovation,0
Austin,2000-01-13,2000-01-13,Single Family,New Construction,0
Austin,2000-01-12,2000-01-12,Single Family,Alteration/Renovation,0
Austin,2000-02-02,2000-02-02,Single Family,Alteration/Renovation,0
Austin,2000-02-03,2000-02-03,Single Family,Alteration/Renovation,0
Austin,2000-02-17,2000-02-17,Single Family,New Construction,0
Austin,2000-01-18,2000-01-18,Single Family,Alteration/Renovation,0
Austin,1999-12-14,1999-12-14,Single Family,New Construction,0
Austin,2000-01-29,2000-01-29,Single Family,New Construction,0
Austin,2000-02-16,2000-02-16,Single Family,New Construction,0
Austin,1999-12-14,1999-12-14,Single Family,New Construction,0
Austin,2000-01-07,2000-01-07,Single Family,New Construction,0
Austin,2000-02-04,2000-02-04,Multifamily,Alteration/Renovation,0
Austin,1999-12-20,1999-12-20,Single Family,New Construction,0
Austin,1999-12-15,1999-12-15,Single Family,New Construction,0
Austin,2000-01-27,2000-01-27,Single Family,New Construction,0
Austin,2000-01-27,2000-01-27,Multifamily,Alteration/Renovation,0
Austin,2000-01-06,2000-01-06,Single Family,New Construction,0
Austin,2000-01-05,2000-01-05,Single Family,Alteration/Renovation,0
Austin,2000-01-29,2000-01-29,Single Family,New Construction,0
Austin,2000-01-25,2000-01-25,Single Family,New Construction,0
Austin,2000-02-03,2000-02-03,Single Family,New Construction,0
Austin,2000-01-31,2000-01-31,Single Family,Alteration/Renovation,0
Austin,2000-01-07,2000-01-07,Single Family,New Construction,0
Austin,2000-01-11,2000-01-11,Single Family,New Construction,0
Austin,2000-01-25,2000-01-25,Single Family,Alteration/Renovation,0
Austin,2000-01-12,2000-01-12,Single Family,New Construction,0
Austin,2000-02-16,2000-02-16,Single Family,New Construction,0
Austin,1999-12-30,1999-12-30,Single Family,New Construction,0
Austin,2000-02-01,2000-02-01,Single Family,New Construction,0
Austin,2000-01-14,2000-01-14,Single Family,Alteration/Renovation,0
Austin,2000-01-14,2000-01-14,Single Family,New Construction,0
Austin,2000-01-29,2000-01-29,Single Family,New Construction,0
Austin,2000-02-22,2000-02-22,Single Family,Alteration/Renovation,0
Austin,1999-12-21,1999-12-21,Single Family,Alteration/Renovation,0
Austin,2000-02-01,2000-02-01,Single Family,New Construction,0
Austin,1999-12-14,1999-12-14,Single Family,New Construction,0
Austin,2000-02-03,2000-02-03,Single Family,New Construction,0
Austin,2000-02-04,2000-02-04,Single Family,Alteration/Renovation,0
Austin,2000-01-07,2000-01-07,Multifamily,New Construction,0
Austin,2000-02-02,2000-02-02,Single Family,Alteration/Renovation,0
Austin,2000-01-05,2000-01-05,Single Family,Alteration/Renovation,0
Austin,2000-01-27,2000-01-27,Single Family,New Construction,0
Austin,1999-12-14,1999-12-14,Single Family,Alteration/Renovation,0
Austin,2000-01-10,2000-01-10,Single Family,Alteration/Renovation,0
Austin,2000-01-27,2000-01-27,Single Family,Alteration/Renovation,0
Austin,2000-02-04,2000-02-04,Single Family,New Construction,0
Austin,2000-02-02,2000-02-02,Single Family,New Construction,0
Austin,2000-02-03,2000-02-03,Single Family,New Construction,0
Austin,2000-01-18,2000-01-18,Single Family,Alteration/Renovation,0
Austin,2000-02-22,2000-02-22,Single Family,Alteration/Renovation,0
Austin,2000-02-04,2000-02-04,Single Family,Alteration/Renovation,0
Austin,2000-01-18,2000-01-18,Multifamily,Alteration/Renovation,0
Austin,2000-01-06,2000-01-06,Single Family,New Construction,0
Austin,1999-12-22,1999-12-22,Multifamily,New Construction,0
Austin,2000-01-25,2000-01-25,Single Family,Alteration/Renovation,0
Austin,2000-01-10,2000-01-10,Single Family,Alteration/Renovation,0
Austin,2000-01-04,2000-01-04,Single Family,Alteration/Renovation,0
Austin,2000-01-11,2000-01-11,Single Family,Alteration/Renovation,0
Austin,1999-12-29,1999-12-29,Single Family,Alteration/Renovation,0
Austin,1999-12-20,1999-12-20,Single Family,New Construction,0
Austin,1999-12-29,1999-12-29,Single Family,Alteration/Renovation,0
Austin,2000-02-01,2000-02-01,Single Family,Alteration/Renovation,0
Austin,1999-12-26,1999-12-26,Single Family,Alteration/Renovation,0
Austin,2000-01-10,2000-01-10,Single Family,Alteration/Renovation,0
Austin,2000-02-10,2000-02-10,Single Family,New Construction,0
Austin,2000-01-24,2000-01-24,Single Family,Alteration/Renovation,0
Austin,2000-02-18,2000-02-18,Single Family,Alteration/Renovation,0
Austin,2000-01-18,2000-01-18,Single Family,New Construction,0
Austin,2000-01-14,2000-01-14,Single Family,New Construction,0
Austin,1999-12-23,1999-12-23,Single Family,Alteration/Renovation,0
Austin,2000-01-07,2000-01-07,Single Family,New Construction,0
Austin,2000-01-26,2000-01-26,Single Family,Alteration/Renovation,0
Austin,2000-02-17,2000-02-17,Single Family,New Construction,0
Austin,2000-02-02,2000-02-02,Single Family,New Construction,0
Austin,2000-01-21,2000-01-21,Single Family,Alteration/Renovation,0
Austin,2000-02-22,2000-02-22,Single Family,Alteration/Renovation,0
Austin,2000-02-07,2000-02-07,Single Family,New Construction,0
Austin,2000-02-04,2000-02-04,Multifamily,Alteration/Renovation,0
Austin,2000-02-09,2000-02-09,Single Family,Alteration/Renovation,0
Austin,2000-01-11,2000-01-11,Single Family,Alteration/Renovation,0
Austin,2000-01-21,2000-01-21,Single Family,Alteration/Renovation,0
Austin,1999-12-17,1999-12-17,Single Family,Alteration/Renovation,0
Austin,2000-01-10,2000-01-10,Single Family,New Construction,0
Austin,2000-01-19,2000-01-19,Single Family,Alteration/Renovation,0
Austin,1999-12-21,1999-12-21,Single Family,New Construction,0
Austin,2000-01-21,2000-01-21,Single Family,New Construction,0
Austin,2000-01-10,2000-01-10,Single Family,Alteration/Renovation,0
Austin,2000-02-04,2000-02-04,Single Family,Alteration/Renovation,0
Austin,2000-01-21,2000-01-21,Single Family,New Construction,0
Austin,2000-01-10,2000-01-10,Single Family,New Construction,0
Austin,2000-02-22,2000-02-22,Single Family,Alteration/Renovation,0
Austin,2000-02-02,2000-02-02,Single Family,Alteration/Renovation,0
Austin,1999-12-28,1999-12-28,Single Family,New Construction,0
Austin,1999-12-22,1999-12-22,Single Family,New Construction,0
Austin,2000-01-14,2000-01-14,Single Family,New Construction,0
Austin,1998-12-10,1998-12-10,Single Family,New Construction,0
Austin,2000-01-26,2000-01-26,Single Family,New Construction,0
Austin,2000-01-28,2000-01-28,Single Family,Alteration/Renovation,0
Austin,2000-01-24,2000-01-24,Single Family,New Construction,0
Austin,2000-01-10,2000-01-10,Single Family,Alteration/Renovation,0
Austin,2000-01-14,2000-01-14,Single Family,Alteration/Renovation,0
Austin,2000-01-21,2000-01-21,Single Family,Alteration/Renovation,0
Austin,2000-01-24,2000-01-24,Single Family,Alteration/Renovation,0
Austin,2000-01-11,2000-01-11,Single Family,New Construction,0
Austin,2000-02-16,2000-02-16,Single Family,New Construction,0
Austin,2000-01-06,2000-01-06,Single Family,Alteration/Renovation,0
Austin,2000-01-20,2000-01-20,Multifamily,New Construction,0
Austin,1999-12-29,1999-12-29,Single Family,Alteration/Renovation,0
Austin,2000-01-06,2000-01-06,Single Family,New Construction,0
Austin,2000-01-05,2000-01-05,Single Family,New Construction,0
Austin,1999-12-14,1999-12-14,Single Family,Alteration/Renovation,0
Austin,2000-02-01,2000-02-01,Single Family,Alteration/Renovation,0
Austin,2000-02-03,2000-02-03,Multifamily,New Construction,0
Austin,2000-01-18,2000-01-18,Single Family,Alteration/Renovation,0
Austin,2000-01-26,2000-01-26,Single Family,Alteration/Renovation,0
Austin,2000-01-25,2000-01-25,Single Family,New Construction,0
Austin,2000-01-07,2000-01-07,Single Family,New Construction,0
Austin,2000-01-31,2000-01-31,Single Family,Alteration/Renovation,0
Austin,2000-01-10,2000-01-10,Single Family,New Construction,0
Austin,2000-01-31,2000-01-31,Single Family,New Construction,0
Austin,2000-01-21,2000-01-21,Single Family,Alteration/Renovation,0
Austin,2000-02-18,2000-02-18,Single Family,Alteration/Renovation,0
Austin,1999-12-16,1999-12-16,Single Family,Alteration/Renovation,0
Austin,1999-12-16,1999-12-16,Single Family,Alteration/Renovation,0
Austin,2000-01-26,2000-01-26,Single Family,Alteration/Renovation,0
Austin,2000-02-01,2000-02-01,Single Family,Alteration/Renovation,0
Austin,2000-01-21,2000-01-21,Single Family,Alteration/Renovation,0
Austin,2000-01-05,2000-01-05,Single Family,New Construction,0
Austin,2000-02-02,2000-02-02,Single Family,Alteration/Renovation,0
Austin,2000-02-04,2000-02-04,Single Family,Alteration/Renovation,0
Austin,1999-12-20,1999-12-20,Single Family,Alteration/Renovation,0
Austin,2000-01-13,2000-01-13,Single Family,New Construction,0
Austin,2000-01-21,2000-01-21,Single Family,New Construction,0
Austin,2000-01-26,2000-01-26,Single Family,New Construction,0
Austin,2000-02-09,2000-02-09,Single Family,New Construction,0
Austin,2000-01-12,2000-01-12,Single Family,New Construction,0
Austin,1999-12-14,1999-12-14,Single Family,Alteration/Renovation,0
Austin,2000-01-28,2000-01-28,Single Family,New Construction,0
Austin,2000-01-07,2000-01-07,Single Family,New Construction,0
Austin,1999-12-30,1999-12-30,Single Family,Alteration/Renovation,0
Austin,2000-02-09,2000-02-09,Single Family,New Construction,0
Austin,2000-01-24,2000-01-24,Single Family,New Construction,0
Austin,2000-01-18,2000-01-18,Single Family,Alteration/Renovation,0
Austin,1999-12-15,1999-12-15,Single Family,Alteration/Renovation,0
Austin,2000-01-10,2000-01-10,Single Family,New Construction,0
Austin,2000-01-20,2000-01-20,Single Family,Alteration/Renovation,0
Austin,1999-12-21,1999-12-21,Single Family,New Construction,0
Austin,2000-01-28,2000-01-28,Single Family,New Construction,0
Austin,2000-01-25,2000-01-25,Single Family,Alteration/Renovation,0
Austin,2000-02-17,2000-02-17,Single Family,Alteration/Renovation,0
Austin,2000-01-19,2000-01-19,Single Family,Alteration/Renovation,0
Austin,1999-12-17,1999-12-17,Single Family,Alteration/Renovation,0
Austin,2000-02-16,2000-02-16,Single Family,New Construction,0
Austin,2000-01-12,2000-01-12,Single Family,New Construction,0
Austin,2000-02-01,2000-02-01,Single Family,New Construction,0
Austin,2000-01-19,2000-01-19,Single Family,Alteration/Renovation,0
Austin,2000-01-06,2000-01-06,Single Family,Alteration/Renovation,0
Austin,2000-01-22,2000-01-22,Single Family,Alteration/Renovation,0
Austin,2000-01-03,2000-01-03,Single Family,New Construction,0
Austin,2000-02-18,2000-02-18,Single Family,New Construction,0
Austin,2000-01-26,2000-01-26,Single Family,Alteration/Renovation,0
Austin,2000-01-18,2000-01-18,Single Family,New Construction,0
Austin,1999-01-22,1999-01-22,Single Family,Alteration/Renovation,0
Austin,2000-01-31,2000-01-31,Single Family,New Construction,0
Austin,2000-01-04,2000-01-04,Single Family,New Construction,0
Austin,2000-01-27,2000-01-27,Single Family,Alteration/Renovation,0
Austin,1999-12-30,1999-12-30,Single Family,New Construction,0
Austin,1999-12-16,1999-12-16,Single Family,New Construction,0
Austin,2000-01-07,2000-01-07,Single Family,Alteration/Renovation,0
Austin,2000-01-18,2000-01-18,Multifamily,New Construction,0
Austin,2000-02-04,2000-02-04,Single Family,Alteration/Renovation,0
Austin,2000-01-27,2000-01-27,Single Family,New Construction,0
Austin,2000-02-01,2000-02-01,Single Family,New Construction,0
Austin,2000-02-04,2000-02-04,Single Family,New Construction,0
Austin,2000-01-11,2000-01-11,Single Family,New Construction,0
Austin,1999-12-13,1999-12-13,Single Family,New Construction,0
Austin,2000-01-28,2000-01-28,Single Family,New Construction,0
Austin,2000-02-15,2000-02-15,Single Family,Alteration/Renovation,0
Austin,2000-02-04,2000-02-04,Single Family,New Construction,0
Austin,2000-01-18,2000-01-18,Single Family,New Construction,0
Austin,2000-01-21,2000-01-21,Multifamily,New Construction,0
Austin,2000-01-18,2000-01-18,Single Family,Alteration/Renovation,0
Austin,2000-02-15,2000-02-15,Single Family,New Construction,0
Austin,2000-02-09,2000-02-09,Single Family,New Construction,0
Austin,2000-02-03,2000-02-03,Single Family,New Construction,0
Austin,1998-11-30,1998-11-30,Single Family,Alteration/Renovation,0
Austin,2000-01-28,2000-01-28,Multifamily,New Construction,0
Austin,2000-02-08,2000-02-08,Single Family,Alteration/Renovation,0
Austin,2000-02-09,2000-02-09,Single Family,Alteration/Renovation,0
Austin,2000-02-09,2000-02-09,Single Family,Alteration/Renovation,0
Austin,2000-01-19,2000-01-19,Single Family,New Construction,0
Austin,2000-01-06,2000-01-06,Single Family,New Construction,0
Austin,2000-02-09,2000-02-09,Single Family,Alteration/Renovation,0
Austin,2000-02-18,2000-02-18,Single Family,New Construction,0
Austin,2000-02-17,2000-02-17,Single Family,New Construction,0
Austin,2000-01-18,2000-01-18,Single Family,New Construction,0
Austin,2000-01-26,2000-01-26,Single Family,New Construction,0
Austin,2000-01-21,2000-01-21,Single Family,New Construction,0
Austin,2000-02-01,2000-02-01,Single Family,New Construction,0
Austin,2000-01-03,2000-01-03,Single Family,New Construction,0
Austin,2000-01-12,2000-01-12,Single Family,New Construction,0
Austin,2000-01-19,2000-01-19,Single Family,New Construction,0
Austin,1999-12-14,1999-12-14,Single Family,Alteration/Renovation,0
Austin,2000-02-04,2000-02-04,Single Family,Alteration/Renovation,0
Austin,2000-02-04,2000-02-04,Single Family,Alteration/Renovation,0
Austin,2000-01-11,2000-01-11,Single Family,Alteration/Renovation,0
Austin,2000-01-11,2000-01-11,Single Family,New Construction,0
Austin,2000-01-03,2000-01-03,Single Family,New Construction,0
Austin,2000-01-20,2000-01-20,Multifamily,New Construction,0
Austin,2000-01-28,2000-01-28,Single Family,New Construction,0
Austin,2000-01-03,2000-01-03,Single Family,New Construction,0
Austin,2000-02-03,2000-02-03,Single Family,New Construction,0
Austin,2000-02-03,2000-02-03,Single Family,Alteration/Renovation,0
Austin,2000-01-20,2000-01-20,Multifamily,New Construction,0
Austin,2000-01-18,2000-01-18,Single Family,Alteration/Renovation,0
Austin,1999-12-15,1999-12-15,Single Family,New Construction,0
Austin,2000-01-03,2000-01-03,Single Family,New Construction,0
Austin,2000-01-14,2000-01-14,Single Family,New Construction,0
Austin,2000-01-27,2000-01-27,Single Family,New Construction,0
Austin,2000-01-13,2000-01-13,Single Family,Alteration/Renovation,0
Austin,1999-12-22,1999-12-22,Multifamily,New Construction,0
Austin,2000-01-22,2000-01-22,Single Family,Alteration/Renovation,0
Austin,2000-01-27,2000-01-27,Single Family,Alteration/Renovation,0
Austin,2000-02-01,2000-02-01,Single Family,New Construction,0
Austin,2000-01-25,2000-01-25,Single Family,Alteration/Renovation,0
Austin,2000-02-08,2000-02-08,Single Family,Alteration/Renovation,0
Austin,2000-02-17,2000-02-17,Single Family,New Construction,0
Austin,2000-02-05,2000-02-05,Single Family,New Construction,0
Austin,2000-01-18,2000-01-18,Single Family,New Construction,0
Austin,1999-12-16,1999-12-16,Single Family,Alteration/Renovation,0
Austin,1999-12-17,1999-12-17,Single Family,Alteration/Renovation,0
Austin,1999-12-14,1999-12-14,Single Family,New Construction,0
Austin,1999-12-21,1999-12-21,Single Family,Alteration/Renovation,0
Austin,2000-01-31,2000-01-31,Single Family,Alteration/Renovation,0
Austin,1999-12-30,1999-12-30,Single Family,New Construction,0
Austin,1999-12-21,1999-12-21,Single Family,New Construction,0
Austin,2000-01-07,2000-01-07,Single Family,New Construction,0
Austin,2000-01-20,2000-01-20,Single Family,Alteration/Renovation,0
Austin,2000-01-04,2000-01-04,Multifamily,New Construction,0
Austin,2000-01-18,2000-01-18,Multifamily,Alteration/Renovation,0
Austin,2000-01-27,2000-01-27,Single Family,New Construction,0
Austin,2000-01-03,2000-01-03,Single Family,New Construction,0
Austin,2000-01-29,2000-01-29,Single Family,Alteration/Renovation,0
Austin,2000-02-18,2000-02-18,Single Family,Alteration/Renovation,0
Austin,2000-01-06,2000-01-06,Single Family,Alteration/Renovation,0
Austin,2000-02-03,2000-02-03,Single Family,Alteration/Renovation,0
Austin,2000-01-10,2000-01-10,Single Family,New Construction,0
Austin,2000-02-07,2000-02-07,Single Family,New Construction,0
Austin,2000-02-07,2000-02-07,Single Family,Alteration/Renovation,0
Austin,1999-12-14,1999-12-14,Single Family,New Construction,0
Austin,2000-01-24,2000-01-24,Single Family,New Construction,0
Austin,2000-01-14,2000-01-14,Single Family,New Construction,0
Austin,1999-12-20,1999-12-20,Single Family,Alteration/Renovation,0
Austin,1998-12-16,1998-12-16,Multifamily,New Construction,0
Austin,2000-02-08,2000-02-08,Single Family,Alteration/Renovation,0
Austin,2000-01-25,2000-01-25,Single Family,New Construction,0
Austin,2000-01-27,2000-01-27,Single Family,New Construction,0
Austin,2000-01-18,2000-01-18,Single Family,Alteration/Renovation,0
Austin,2000-01-28,2000-01-28,Single Family,New Construction,0
Austin,2000-02-16,2000-02-16,Single Family,New Construction,0
Austin,2000-02-16,2000-02-16,Single Family,New Construction,0
Austin,1999-12-30,1999-12-30,Single Family,Alteration/Renovation,0
Austin,1999-12-27,1999-12-27,Single Family,New Construction,0
Austin,2000-01-11,2000-01-11,Single Family,New Construction,0
Austin,2000-02-18,2000-02-18,Single Family,New Construction,0
Austin,1999-12-15,1999-12-15,Single Family,Alteration/Renovation,0
Austin,2000-01-26,2000-01-26,Single Family,New Construction,0
Austin,1999-12-15,1999-12-15,Single Family,Alteration/Renovation,0
Austin,1999-12-30,1999-12-30,Single Family,Alteration/Renovation,0
Austin,1999-12-21,1999-12-21,Single Family,New Construction,0
Austin,2000-02-03,2000-02-03,Single Family,New Construction,0
Austin,2000-01-27,2000-01-27,Single Family,Alteration/Renovation,0
Austin,2000-01-31,2000-01-31,Single Family,New Construction,0
Austin,2000-02-09,2000-02-09,Single Family,Alteration/Renovation,0
Austin,2000-01-26,2000-01-26,Single Family,New Construction,0
Austin,1999-12-16,1999-12-16,Single Family,Alteration/Renovation,0
Austin,2000-02-08,2000-02-08,Single Family,Alteration/Renovation,0
Austin,1999-12-14,1999-12-14,Single Family,Alteration/Renovation,0
Austin,2000-02-16,2000-02-16,Single Family,Alteration/Renovation,0
Austin,1999-12-16,1999-12-16,Single Family,Alteration/Renovation,0
Austin,2000-01-21,2000-01-21,Single Family,New Construction,0
Austin,2000-02-01,2000-02-01,Single Family,Alteration/Renovation,0
Austin,1999-12-29,1999-12-29,Single Family,New Construction,0
Austin,1999-12-14,1999-12-14,Single Family,New Construction,0
Austin,2000-01-26,2000-01-26,Single Family,Alteration/Renovation,0
Austin,2000-01-12,2000-01-12,Single Family,New Construction,0
Austin,1998-12-11,1998-12-11,Single Family,Alteration/Renovation,0
Austin,2000-01-19,2000-01-19,Single Family,New Construction,0
Austin,2000-01-13,2000-01-13,Single Family,New Construction,0
Austin,2000-02-15,2000-02-15,Single Family,New Construction,0
Austin,2000-02-08,2000-02-08,Single Family,Alteration/Renovation,0
Austin,2000-01-14,2000-01-14,Single Family,New Construction,0
Austin,2000-02-01,2000-02-01,Single Family,Alteration/Renovation,0
Austin,1999-12-29,1999-12-29,Single Family,New Construction,0
Austin,2000-01-19,2000-01-19,Single Family,New Construction,0
Austin,2000-02-04,2000-02-04,Single Family,New Construction,0
Austin,2000-01-20,2000-01-20,Single Family,New Construction,0
Austin,2000-01-20,2000-01-20,Single Family,Alteration/Renovation,0
Austin,1999-12-20,1999-12-20,Single Family,Alteration/Renovation,0
Austin,1999-12-30,1999-12-30,Single Family,Alteration/Renovation,0
Austin,2000-01-25,2000-01-25,Single Family,Alteration/Renovation,0
Austin,2000-01-11,2000-01-11,Single Family,New Construction,0
Austin,1999-12-20,1999-12-20,Single Family,New Construction,0
Austin,2000-01-03,2000-01-03,Single Family,New Construction,0
Austin,1999-12-22,1999-12-22,Multifamily,New Construction,0
Austin,2000-01-06,2000-01-06,Single Family,New Construction,0
Austin,2000-01-06,2000-01-06,Single Family,New Construction,0
Austin,2000-01-29,2000-01-29,Single Family,Alteration/Renovation,0
Austin,2000-01-27,2000-01-27,Single Family,New Construction,0
Austin,2000-01-18,2000-01-18,Single Family,New Construction,0
Austin,2000-02-07,2000-02-07,Multifamily,New Construction,0
Austin,2000-02-03,2000-02-03,Single Family,Alteration/Renovation,0
Austin,2000-02-18,2000-02-18,Single Family,New Construction,0
Austin,2000-01-07,2000-01-07,Single Family,New Construction,0
Austin,1999-12-26,1999-12-26,Single Family,New Construction,0
Austin,2000-02-22,2000-02-22,Single Family,New Construction,0
Austin,2000-01-03,2000-01-03,Single Family,Alteration/Renovation,0
Austin,2000-02-07,2000-02-07,Single Family,Alteration/Renovation,0
Austin,2000-01-12,2000-01-12,Multifamily,Alteration/Renovation,0
Austin,2000-02-04,2000-02-04,Single Family,Alteration/Renovation,0
Austin,2000-01-11,2000-01-11,Single Family,New Construction,0
Austin,2000-01-31,2000-01-31,Single Family,New Construction,0
Austin,2000-01-03,2000-01-03,Single Family,Alteration/Renovation,0
Austin,2000-01-27,2000-01-27,Single Family,Alteration/Renovation,0
Austin,2000-02-04,2000-02-04,Single Family,Alteration/Renovation,0
Austin,2000-02-02,2000-02-02,Single Family,Alteration/Renovation,0
Austin,1999-12-20,1999-12-20,Single Family,New Construction,0
Austin,2000-02-16,2000-02-16,Single Family,Alteration/Renovation,0
Austin,2000-02-08,2000-02-08,Single Family,Alteration/Renovation,0
Austin,2000-02-01,2000-02-01,Single Family,Alteration/Renovation,0
Austin,1999-12-15,1999-12-15,Single Family,New Construction,0
Austin,2000-01-12,2000-01-12,Single Family,Alteration/Renovation,0
Austin,2000-01-03,2000-01-03,Single Family,Alteration/Renovation,0
Austin,1999-12-22,1999-12-22,Single Family,New Construction,0
Austin,1999-12-14,1999-12-14,Single Family,Alteration/Renovation,0
Austin,2000-01-07,2000-01-07,Single Family,Alteration/Renovation,0
Austin,2000-01-25,2000-01-25,Single Family,Alteration/Renovation,0
Austin,2000-02-03,2000-02-03,Single Family,Alteration/Renovation,0
Austin,2000-02-22,2000-02-22,Single Family,Alteration/Renovation,0
Austin,2000-02-02,2000-02-02,Single Family,New Construction,0
Austin,2000-01-10,2000-01-10,Single Family,New Construction,0
Austin,1999-12-28,1999-12-28,Single Family,Alteration/Renovation,0
Austin,1999-12-22,1999-12-22,Single Family,Alteration/Renovation,0
Austin,2000-02-08,2000-02-08,Single Family,Alteration/Renovation,0
Austin,2000-02-22,2000-02-22,Single Family,Alteration/Renovation,0
Austin,2000-01-28,2000-01-28,Multifamily,New Construction,0
Austin,2000-02-15,2000-02-15,Single Family,Alteration/Renovation,0
Austin,2000-01-07,2000-01-07,Single Family,Alteration/Renovation,0
Austin,1999-12-29,1999-12-29,Single Family,Alteration/Renovation,0
Austin,2000-01-05,2000-01-05,Single Family,Alteration/Renovation,0
Austin,2000-02-04,2000-02-04,Single Family,Alteration/Renovation,0
Austin,2000-02-03,2000-02-03,Single Family,Alteration/Renovation,0
Austin,2000-01-14,2000-01-14,Single Family,Alteration/Renovation,0
Austin,1999-12-14,1999-12-14,Single Family,New Construction,0
Austin,1999-12-27,1999-12-27,Single Family,New Construction,0
Austin,2000-02-07,2000-02-07,Single Family,Alteration/Renovation,0
Austin,2000-01-21,2000-01-21,Single Family,Alteration/Renovation,0
Austin,2000-02-18,2000-02-18,Single Family,Alteration/Renovation,0
Austin,1999-12-17,1999-12-17,Single Family,New Construction,0
Austin,2000-01-11,2000-01-11,Single Family,Alteration/Renovation,0
Austin,2000-02-09,2000-02-09,Single Family,New Construction,0
Austin,1999-12-13,1999-12-13,Single Family,Alteration/Renovation,0
Austin,2000-02-02,2000-02-02,Single Family,New Construction,0
Austin,2000-02-04,2000-02-04,Single Family,Alteration/Renovation,0
Austin,2000-01-06,2000-01-06,Single Family,Alteration/Renovation,0
Austin,2000-01-11,2000-01-11,Single Family,Alteration/Renovation,0
Austin,2000-02-08,2000-02-08,Single Family,Alteration/Renovation,0
Austin,2000-01-22,2000-01-22,Single Family,New Construction,0
Austin,2000-02-16,2000-02-16,Single Family,Alteration/Renovation,0
Austin,2000-02-07,2000-02-07,Single Family,Alteration/Renovation,0
Austin,2000-01-26,2000-01-26,Single Family,New Construction,0
Austin,2000-01-04,2000-01-04,Single Family,Alteration/Renovation,0
Austin,2000-01-24,2000-01-24,Single Family,Alteration/Renovation,0
Austin,2000-02-17,2000-02-17,Single Family,Alteration/Renovation,0
Austin,2000-01-07,2000-01-07,Single Family,Alteration/Renovation,0
Austin,2000-01-19,2000-01-19,Single Family,New Construction,0
Austin,2000-01-20,2000-01-20,Single Family,New Construction,0
Austin,1999-12-20,1999-12-20,Single Family,New Construction,0
Austin,2000-01-10,2000-01-10,Single Family,Alteration/Renovation,0
Austin,2000-01-14,2000-01-14,Single Family,New Construction,0
Austin,2000-01-18,2000-01-18,Single Family,New Construction,0
Austin,2000-01-31,2000-01-31,Single Family,New Construction,0
Austin,2000-02-18,2000-02-18,Single Family,New Construction,0
Austin,2000-02-03,2000-02-03,Single Family,New Construction,0
Austin,2000-01-18,2000-01-18,Single Family,New Construction,0
Austin,1999-12-20,1999-12-20,Single Family,New Construction,0
Austin,2000-01-11,2000-01-11,Single Family,Alteration/Renovation,0
Austin,1999-12-17,1999-12-17,Single Family,Alteration/Renovation,0
Austin,2000-01-24,2000-01-24,Single Family,Alteration/Renovation,0
Austin,2000-01-27,2000-01-27,Single Family,New Construction,0
Austin,2000-01-12,2000-01-12,Single Family,Alteration/Renovation,0
Austin,2000-01-05,2000-01-05,Single Family,New Construction,0
Austin,2000-01-26,2000-01-26,Multifamily,New Construction,0
Austin,2000-02-18,2000-02-18,Single Family,Alteration/Renovation,0
Austin,1999-12-21,1999-12-21,Single Family,New Construction,0
Austin,2000-01-14,2000-01-14,Single Family,New Construction,0
Austin,2000-01-29,2000-01-29,Single Family,Alteration/Renovation,0
Austin,2000-01-31,2000-01-31,Single Family,Alteration/Renovation,0
Austin,1999-12-15,1999-12-15,Single Family,New Construction,0
Austin,2000-01-07,2000-01-07,Single Family,New Construction,0
Austin,1999-12-21,1999-12-21,Single Family,Alteration/Renovation,0
Austin,2000-02-02,2000-02-02,Single Family,Alteration/Renovation,0
Austin,2000-01-14,2000-01-14,Single Family,New Construction,0
Austin,2000-01-18,2000-01-18,Single Family,Alteration/Renovation,0
Austin,2000-01-11,2000-01-11,Single Family,Alteration/Renovation,0
Austin,2000-02-17,2000-02-17,Single Family,Alteration/Renovation,0
Austin,2000-02-01,2000-02-01,Single Family,New Construction,0
Austin,2000-01-10,2000-01-10,Single Family,New Construction,0
Austin,2000-02-16,2000-02-16,Single Family,Alteration/Renovation,0
Austin,2000-01-28,2000-01-28,Single Family,New Construction,0
Austin,2000-02-01,2000-02-01,Single Family,Alteration/Renovation,0
Austin,2000-01-10,2000-01-10,Multifamily,New Construction,0
Austin,2000-02-03,2000-02-03,Single Family,Alteration/Renovation,0
Austin,2000-02-22,2000-02-22,Single Family,Alteration/Renovation,0
Austin,2000-01-24,2000-01-24,Single Family,Alteration/Renovation,0
Austin,2000-02-17,2000-02-17,Single Family,New Construction,0
Austin,2000-01-04,2000-01-04,Single Family,Alteration/Renovation,0
Austin,2000-02-04,2000-02-04,Single Family,New Construction,0
Austin,2000-01-31,2000-01-31,Single Family,New Construction,0
Austin,2000-01-21,2000-01-21,Multifamily,New Construction,0
Austin,2000-01-10,2000-01-10,Single Family,Alteration/Renovation,0
Austin,2000-01-04,2000-01-04,Single Family,Alteration/Renovation,0
Austin,2000-01-10,2000-01-10,Single Family,New Construction,0
Austin,2000-01-06,2000-01-06,Single Family,Alteration/Renovation,0
Austin,2000-01-10,2000-01-10,Single Family,New Construction,0
Austin,2000-01-04,2000-01-04,Multifamily,New Construction,0
Austin,2000-01-18,2000-01-18,Single Family,New Construction,0
Austin,2000-01-19,2000-01-19,Single Family,New Construction,0
Austin,2000-02-22,2000-02-22,Single Family,New Construction,0
Austin,2000-01-10,2000-01-10,Single Family,New Construction,0
Austin,1999-12-27,1999-12-27,Single Family,Alteration/Renovation,0
Austin,2000-02-01,2000-02-01,Single Family,Alteration/Renovation,0
Austin,1999-12-16,1999-12-16,Single Family,Alteration/Renovation,0
Austin,2000-02-01,2000-02-01,Single Family,New Construction,0
Austin,2000-01-25,2000-01-25,Single Family,New Construction,0
Austin,2000-01-06,2000-01-06,Single Family,Alteration/Renovation,0
Austin,2000-01-21,2000-01-21,Single Family,New Construction,0
Austin,2000-01-04,2000-01-04,Single Family,New Construction,0
Austin,2000-01-11,2000-01-11,Single Family,New Construction,0
Austin,2000-01-10,2000-01-10,Single Family,New Construction,0
Austin,2000-01-27,2000-01-27,Single Family,New Construction,0
Austin,2000-01-14,2000-01-14,Single Family,New Construction,0
Austin,2000-01-27,2000-01-27,Single Family,New Construction,0
Austin,2000-02-07,2000-02-07,Single Family,New Construction,0
Austin,1999-12-22,1999-12-22,Single Family,Alteration/Renovation,0
Austin,2000-02-18,2000-02-18,Single Family,Alteration/Renovation,0
Austin,2000-02-04,2000-02-04,Single Family,New Construction,0
Austin,2000-01-11,2000-01-11,Single Family,Alteration/Renovation,0
Austin,2000-01-04,2000-01-04,Single Family,Alteration/Renovation,0
Austin,2000-01-21,2000-01-21,Single Family,Alteration/Renovation,0
Austin,2000-01-13,2000-01-13,Single Family,Alteration/Renovation,0
Austin,2000-01-21,2000-01-21,Single Family,Alteration/Renovation,0
Austin,2000-01-07,2000-01-07,Single Family,New Construction,0
Austin,2000-02-01,2000-02-01,Single Family,New Construction,0
Austin,2000-01-06,2000-01-06,Single Family,New Construction,0
Austin,2000-02-22,2000-02-22,Single Family,Alteration/Renovation,0
Austin,1999-12-13,1999-12-13,Single Family,New Construction,0
Austin,2000-01-25,2000-01-25,Single Family,Alteration/Renovation,0
Austin,2000-01-18,2000-01-18,Single Family,New Construction,0
Austin,2000-01-07,2000-01-07,Single Family,Alteration/Renovation,0
Austin,1999-12-17,1999-12-17,Single Family,Alteration/Renovation,0
Austin,1999-12-20,1999-12-20,Single Family,Alteration/Renovation,0
Austin,2000-01-10,2000-01-10,Single Family,Alteration/Renovation,0
Austin,2000-01-27,2000-01-27,Single Family,Alteration/Renovation,0
Austin,2000-01-31,2000-01-31,Single Family,Alteration/Renovation,0
Austin,2000-01-28,2000-01-28,Single Family,Alteration/Renovation,0
Austin,1999-12-22,1999-12-22,Single Family,New Construction,0
Austin,1999-12-20,1999-12-20,Single Family,Alteration/Renovation,0
Austin,2000-01-28,2000-01-28,Single Family,Alteration/Renovation,0
Austin,1999-12-15,1999-12-15,Single Family,Alteration/Renovation,0
Austin,2000-02-18,2000-02-18,Single Family,Alteration/Renovation,0
Austin,2000-01-10,2000-01-10,Single Family,New Construction,0
Austin,2000-02-03,2000-02-03,Single Family,Alteration/Renovation,0
Austin,1999-12-14,1999-12-14,Single Family,Alteration/Renovation,0
Austin,2000-01-24,2000-01-24,Single Family,Alteration/Renovation,0
Austin,2000-01-07,2000-01-07,Single Family,New Construction,0
Austin,1999-12-17,1999-12-17,Single Family,Alteration/Renovation,0
Austin,2000-01-12,2000-01-12,Single Family,Alteration/Renovation,0
Austin,2000-01-28,2000-01-28,Multifamily,New Construction,0
Austin,2000-01-04,2000-01-04,Multifamily,New Construction,0
Austin,2000-02-03,2000-02-03,Single Family,New Construction,0
Austin,1999-12-28,1999-12-28,Single Family,New Construction,0
Austin,1999-12-30,1999-12-30,Single Family,New Construction,0
Austin,2000-02-16,2000-02-16,Single Family,Alteration/Renovation,0
Austin,2000-02-08,2000-02-08,Single Family,New Construction,0
Austin,1999-12-16,1999-12-16,Single Family,Alteration/Renovation,0
Austin,2000-01-20,2000-01-20,Single Family,New Construction,0
Austin,2000-01-26,2000-01-26,Single Family,Alteration/Renovation,0
Austin,2000-01-31,2000-01-31,Single Family,Alteration/Renovation,0
Austin,2000-02-16,2000-02-16,Single Family,Alteration/Renovation,0
Austin,2000-02-18,2000-02-18,Multifamily,Alteration/Renovation,0
Austin,2000-01-10,2000-01-10,Single Family,Alteration/Renovation,0
Austin,2000-02-03,2000-02-03,Single Family,Alteration/Renovation,0
Austin,2000-01-19,2000-01-19,Single Family,New Construction,0
Austin,2000-01-20,2000-01-20,Single Family,New Construction,0
Austin,1999-12-22,1999-12-22,Single Family,Alteration/Renovation,0
Austin,2000-02-04,2000-02-04,Single Family,New Construction,0
Austin,1999-12-20,1999-12-20,Single Family,Alteration/Renovation,0
Austin,2000-02-09,2000-02-09,Single Family,New Construction,0
Austin,2000-02-02,2000-02-02,Single Family,New Construction,0
Austin,2000-01-25,2000-01-25,Single Family,Alteration/Renovation,0
Austin,2000-01-11,2000-01-11,Single Family,Alteration/Renovation,0
Austin,2000-01-14,2000-01-14,Single Family,New Construction,0
Austin,2000-01-14,2000-01-14,Single Family,Alteration/Renovation,0
Austin,2000-01-28,2000-01-28,Single Family,Alteration/Renovation,0
Austin,2000-01-07,2000-01-07,Single Family,New Construction,0
Austin,2000-02-02,2000-02-02,Single Family,Alteration/Renovation,0
Austin,2000-01-31,2000-01-31,Single Family,New Construction,0
Austin,2000-01-21,2000-01-21,Single Family,Alteration/Renovation,0
Austin,1999-12-20,1999-12-20,Single Family,Alteration/Renovation,0
Austin,1999-12-14,1999-12-14,Multifamily,Alteration/Renovation,0
Austin,1999-12-26,1999-12-26,Single Family,New Construction,0
Austin,2000-02-09,2000-02-09,Single Family,Alteration/Renovation,0
Austin,2000-01-12,2000-01-12,Single Family,Alteration/Renovation,0
Austin,2000-01-14,2000-01-14,Single Family,Alteration/Renovation,0
Austin,2000-01-05,2000-01-05,Single Family,New Construction,0
Austin,2000-01-10,2000-01-10,Single Family,New Construction,0
Austin,2000-01-04,2000-01-04,Single Family,Alteration/Renovation,0
Austin,2000-01-07,2000-01-07,Single Family,New Construction,0
Austin,2000-01-29,2000-01-29,Single Family,Alteration/Renovation,0
Austin,2000-01-22,2000-01-22,Single Family,Alteration/Renovation,0
Austin,1999-12-22,1999-12-22,Single Family,Alteration/Renovation,0
Austin,2000-01-13,2000-01-13,Single Family,New Construction,0
Austin,2000-02-01,2000-02-01,Single Family,New Construction,0
Austin,2000-02-18,2000-02-18,Single Family,New Construction,0
Austin,2000-02-03,2000-02-03,Single Family,New Construction,0
Austin,2000-01-13,2000-01-13,Single Family,New Construction,0
Austin,2000-01-29,2000-01-29,Single Family,Alteration/Renovation,0
Austin,2000-02-15,2000-02-15,Single Family,New Construction,0
Austin,2000-01-04,2000-01-04,Single Family,Alteration/Renovation,0
Austin,2000-01-20,2000-01-20,Single Family,Alteration/Renovation,0
Austin,1999-12-20,1999-12-20,Single Family,New Construction,0
Austin,2000-01-04,2000-01-04,Single Family,Alteration/Renovation,0
Austin,1998-12-16,1998-12-16,Single Family,Alteration/Renovation,0
Austin,2000-01-06,2000-01-06,Single Family,Alteration/Renovation,0
Austin,2000-01-11,2000-01-11,Single Family,Alteration/Renovation,0
Austin,2000-02-04,2000-02-04,Single Family,New Construction,0
Austin,2000-01-24,2000-01-24,Single Family,Alteration/Renovation,0
Austin,2000-02-16,2000-02-16,Multifamily,New Construction,0
Austin,2000-01-18,2000-01-18,Single Family,Alteration/Renovation,0
Austin,2000-01-31,2000-01-31,Single Family,Alteration/Renovation,0
Austin,2000-01-10,2000-01-10,Single Family,New Construction,0
Austin,2000-01-07,2000-01-07,Single Family,New Construction,0
Austin,2000-01-20,2000-01-20,Single Family,New Construction,0
Austin,2000-01-25,2000-01-25,Single Family,Alteration/Renovation,0
Austin,2000-02-07,2000-02-07,Single Family,Alteration/Renovation,0
Austin,2000-02-07,2000-02-07,Single Family,Alteration/Renovation,0
Austin,2000-01-25,2000-01-25,Single Family,New Construction,0
Austin,2000-02-02,2000-02-02,Single Family,Alteration/Renovation,0
Austin,2000-01-11,2000-01-11,Single Family,New Construction,0
Austin,2000-02-17,2000-02-17,Single Family,New Construction,0
Austin,2000-01-27,2000-01-27,Single Family,New Construction,0
Austin,2000-01-18,2000-01-18,Single Family,Alteration/Renovation,0
Austin,2000-01-07,2000-01-07,Single Family,New Construction,0
Austin,2000-02-17,2000-02-17,Single Family,New Construction,0
Austin,2000-01-28,2000-01-28,Single Family,Alteration/Renovation,0
Austin,2000-01-13,2000-01-13,Single Family,Alteration/Renovation,0
Austin,1999-12-29,1999-12-29,Single Family,New Construction,0
Austin,2000-01-06,2000-01-06,Single Family,New Construction,0
Austin,2000-01-21,2000-01-21,Single Family,Alteration/Renovation,0
Austin,2000-01-26,2000-01-26,Single Family,Alteration/Renovation,0
Austin,1999-12-20,1999-12-20,Single Family,Alteration/Renovation,0
Austin,2000-02-03,2000-02-03,Single Family,New Construction,0
Austin,2000-01-19,2000-01-19,Single Family,Alteration/Renovation,0
Austin,2000-01-27,2000-01-27,Single Family,Alteration/Renovation,0
Austin,2000-01-28,2000-01-28,Single Family,New Construction,0
Austin,2000-02-15,2000-02-15,Single Family,Alteration/Renovation,0
Austin,2000-02-04,2000-02-04,Single Family,New Construction,0
Austin,2000-02-18,2000-02-18,Single Family,Alteration/Renovation,0
Austin,2000-01-19,2000-01-19,Single Family,New Construction,0
Austin,2000-02-10,2000-02-10,Single Family,New Construction,0
Austin,2000-01-19,2000-01-19,Single Family,New Construction,0
Austin,2000-01-18,2000-01-18,Single Family,New Construction,0
Austin,2000-01-14,2000-01-14,Single Family,New Construction,0
Austin,1999-12-14,1999-12-14,Single Family,New Construction,0
Austin,2000-02-18,2000-02-18,Single Family,Alteration/Renovation,0
Austin,1999-12-15,1999-12-15,Single Family,Alteration/Renovation,0
Austin,2000-01-25,2000-01-25,Single Family,New Construction,0
Austin,2000-02-02,2000-02-02,Single Family,Alteration/Renovation,0
Austin,2000-02-16,2000-02-16,Single Family,Alteration/Renovation,0
Austin,2000-02-07,2000-02-07,Single Family,Alteration/Renovation,0
Austin,2000-01-06,2000-01-06,Single Family,Alteration/Renovation,0
Austin,2000-02-09,2000-02-09,Single Family,New Construction,0
Austin,1999-12-22,1999-12-22,Single Family,New Construction,0
Austin,2000-02-01,2000-02-01,Single Family,New Construction,0
Austin,1999-12-23,1999-12-23,Single Family,New Construction,0
Austin,1999-12-17,1999-12-17,Single Family,Alteration/Renovation,0
Austin,2000-01-20,2000-01-20,Single Family,Alteration/Renovation,0
Austin,1999-12-14,1999-12-14,Single Family,Alteration/Renovation,0
Austin,1999-12-14,1999-12-14,Single Family,Alteration/Renovation,0
Austin,2000-01-12,2000-01-12,Multifamily,Alteration/Renovation,0
Austin,2000-01-19,2000-01-19,Single Family,Alteration/Renovation,0
Austin,2000-02-01,2000-02-01,Single Family,New Construction,0
Austin,2000-01-13,2000-01-13,Single Family,Alteration/Renovation,0
Austin,2000-01-29,2000-01-29,Single Family,Alteration/Renovation,0
Austin,1999-01-20,1999-01-20,Single Family,New Construction,0
Austin,1998-11-20,1998-11-20,Single Family,Alteration/Renovation,0
Austin,1998-11-30,1998-11-30,Single Family,Alteration/Renovation,0
Austin,1998-12-09,1998-12-09,Single Family,New Construction,0
Austin,1998-11-24,1998-11-24,Single Family,Alteration/Renovation,0
Austin,2000-02-18,2000-02-18,Single Family,Alteration/Renovation,0
Austin,2000-01-06,2000-01-06,Single Family,New Construction,0
Austin,1999-12-15,1999-12-15,Single Family,Alteration/Renovation,0
Austin,2000-02-18,2000-02-18,Single Family,New Construction,0
Austin,2000-01-07,2000-01-07,Single Family,New Construction,0
Austin,2000-02-01,2000-02-01,Single Family,Alteration/Renovation,0
Austin,2000-01-18,2000-01-18,Single Family,New Construction,0
Austin,2000-01-24,2000-01-24,Single Family,New Construction,0
Austin,2000-01-14,2000-01-14,Single Family,New Construction,0
Austin,1999-12-20,1999-12-20,Single Family,New Construction,0
Austin,2000-01-31,2000-01-31,Single Family,Alteration/Renovation,0
Austin,1999-12-23,1999-12-23,Single Family,New Construction,0
Austin,1999-12-17,1999-12-17,Single Family,Alteration/Renovation,0
Austin,2000-01-04,2000-01-04,Single Family,Alteration/Renovation,0
Austin,2000-02-18,2000-02-18,Single Family,Alteration/Renovation,0
Austin,2000-02-16,2000-02-16,Single Family,Alteration/Renovation,0
Austin,2000-01-03,2000-01-03,Single Family,New Construction,0
Austin,1999-12-16,1999-12-16,Single Family,Alteration/Renovation,0
Austin,2000-02-07,2000-02-07,Single Family,Alteration/Renovation,0
Austin,2000-02-08,2000-02-08,Single Family,New Construction,0
Austin,2000-01-28,2000-01-28,Multifamily,New Construction,0
Austin,2000-02-04,2000-02-04,Single Family,New Construction,0
Austin,2000-01-12,2000-01-12,Single Family,New Construction,0
Austin,1999-12-22,1999-12-22,Multifamily,New Construction,0
Austin,2000-02-07,2000-02-07,Single Family,New Construction,0
Austin,2000-02-17,2000-02-17,Single Family,Alteration/Renovation,0
Austin,2000-01-20,2000-01-20,Multifamily,New Construction,0
Austin,2000-02-16,2000-02-16,Single Family,New Construction,0
Austin,2000-01-28,2000-01-28,Single Family,Alteration/Renovation,0
Austin,2000-01-19,2000-01-19,Single Family,New Construction,0
Austin,2000-02-02,2000-02-02,Single Family,New Construction,0
Austin,2000-01-27,2000-01-27,Single Family,Alteration/Renovation,0
Austin,1999-12-20,1999-12-20,Single Family,New Construction,0
Austin,1999-12-29,1999-12-29,Single Family,New Construction,0
Austin,2000-01-31,2000-01-31,Single Family,New Construction,0
Austin,1999-12-17,1999-12-17,Single Family,New Construction,0
Austin,2000-01-05,2000-01-05,Single Family,New Construction,0
Austin,2000-01-14,2000-01-14,Multifamily,New Construction,0
Austin,2000-01-31,2000-01-31,Single Family,Alteration/Renovation,0
Austin,2000-01-27,2000-01-27,Single Family,Alteration/Renovation,0
Austin,2000-01-20,2000-01-20,Single Family,New Construction,0
Austin,2000-02-09,2000-02-09,Single Family,New Construction,0
Austin,2000-02-22,2000-02-22,Single Family,New Construction,0
Austin,2000-01-03,2000-01-03,Single Family,New Construction,0
Austin,2000-01-06,2000-01-06,Single Family,New Construction,0
Austin,2000-01-20,2000-01-20,Single Family,Alteration/Renovation,0
Austin,2000-01-22,2000-01-22,Single Family,New Construction,0
Austin,2000-01-12,2000-01-12,Single Family,New Construction,0
Austin,1999-12-21,1999-12-21,Single Family,Alteration/Renovation,0
Austin,2000-02-03,2000-02-03,Single Family,New Construction,0
Austin,2000-02-17,2000-02-17,Single Family,New Construction,0
Austin,1999-12-15,1999-12-15,Single Family,Alteration/Renovation,0
Austin,2000-01-07,2000-01-07,Single Family,New Construction,0
Austin,2000-01-28,2000-01-28,Single Family,Alteration/Renovation,0
Austin,2000-02-08,2000-02-08,Single Family,Alteration/Renovation,0
Austin,1999-12-27,1999-12-27,Single Family,Alteration/Renovation,0
Austin,2000-01-25,2000-01-25,Single Family,Alteration/Renovation,0
Austin,1999-12-29,1999-12-29,Single Family,Alteration/Renovation,0
Austin,2000-01-06,2000-01-06,Single Family,New Construction,0
Austin,2000-01-21,2000-01-21,Single Family,Alteration/Renovation,0
Austin,2000-01-07,2000-01-07,Single Family,New Construction,0
Austin,2000-02-05,2000-02-05,Single Family,New Construction,0
Austin,1999-12-30,1999-12-30,Single Family,Alteration/Renovation,0
Austin,2000-02-04,2000-02-04,Single Family,Alteration/Renovation,0
Austin,2000-01-29,2000-01-29,Single Family,Alteration/Renovation,0
Austin,2000-02-07,2000-02-07,Single Family,New Construction,0
Austin,2000-01-18,2000-01-18,Multifamily,Alteration/Renovation,0
Austin,2000-02-09,2000-02-09,Single Family,New Construction,0
Austin,2000-01-06,2000-01-06,Single Family,Alteration/Renovation,0
Austin,2000-01-12,2000-01-12,Single Family,Alteration/Renovation,0
Austin,1999-12-14,1999-12-14,Single Family,New Construction,0
Austin,2000-01-14,2000-01-14,Single Family,Alteration/Renovation,0
Austin,2000-01-31,2000-01-31,Single Family,Alteration/Renovation,0
Austin,2000-02-08,2000-02-08,Single Family,New Construction,0
Austin,2000-02-16,2000-02-16,Single Family,New Construction,0
Austin,1999-12-20,1999-12-20,Single Family,New Construction,0
Austin,2000-01-04,2000-01-04,Single Family,Alteration/Renovation,0
Austin,2000-01-20,2000-01-20,Single Family,New Construction,0
Austin,2000-02-15,2000-02-15,Single Family,Alteration/Renovation,0
Austin,1999-12-23,1999-12-23,Single Family,Alteration/Renovation,0
Austin,2000-01-27,2000-01-27,Single Family,Alteration/Renovation,0
Austin,2000-02-08,2000-02-08,Single Family,New Construction,0
Austin,2000-02-09,2000-02-09,Single Family,New Construction,0
Austin,2000-01-24,2000-01-24,Single Family,Alteration/Renovation,0
Austin,2000-01-04,2000-01-04,Single Family,Alteration/Renovation,0
Austin,2000-02-18,2000-02-18,Single Family,Alteration/Renovation,0
Austin,2000-02-01,2000-02-01,Single Family,Alteration/Renovation,0
Austin,2000-01-14,2000-01-14,Single Family,New Construction,0
Austin,1999-12-17,1999-12-17,Single Family,Alteration/Renovation,0
Austin,2000-01-31,2000-01-31,Single Family,New Construction,0
Austin,2000-01-07,2000-01-07,Single Family,New Construction,0
Austin,2000-01-06,2000-01-06,Single Family,New Construction,0
Austin,2000-02-07,2000-02-07,Single Family,Alteration/Renovation,0
Austin,1999-12-21,1999-12-21,Single Family,Alteration/Renovation,0
Austin,2000-02-17,2000-02-17,Single Family,New Construction,0
Austin,2000-02-09,2000-02-09,Single Family,Alteration/Renovation,0
Austin,2000-01-07,2000-01-07,Single Family,Alteration/Renovation,0
Austin,2000-01-28,2000-01-28,Single Family,New Construction,0
Austin,2000-01-27,2000-01-27,Single Family,New Construction,0
Austin,2000-01-19,2000-01-19,Single Family,Alteration/Renovation,0
Austin,2000-01-31,2000-01-31,Single Family,Alteration/Renovation,0
Austin,1999-12-21,1999-12-21,Multifamily,Alteration/Renovation,0
Austin,2000-01-13,2000-01-13,Single Family,Alteration/Renovation,0
Austin,2000-01-22,2000-01-22,Single Family,Alteration/Renovation,0
Austin,2000-01-11,2000-01-11,Single Family,Alteration/Renovation,0
Austin,2000-02-04,2000-02-04,Single Family,New Construction,0
Austin,1999-12-27,1999-12-27,Single Family,Alteration/Renovation,0
Austin,1999-12-29,1999-12-29,Single Family,New Construction,0
Austin,2000-02-18,2000-02-18,Single Family,Alteration/Renovation,0
Austin,2000-01-05,2000-01-05,Single Family,New Construction,0
Austin,2000-01-13,2000-01-13,Single Family,Alteration/Renovation,0
Austin,2000-01-26,2000-01-26,Single Family,Alteration/Renovation,0
Austin,2000-01-25,2000-01-25,Single Family,Alteration/Renovation,0
Austin,1999-12-28,1999-12-28,Single Family,Alteration/Renovation,0
Austin,2000-01-21,2000-01-21,Single Family,New Construction,0
Austin,1999-12-29,1999-12-29,Single Family,New Construction,0
Austin,2000-01-18,2000-01-18,Single Family,Alteration/Renovation,0
Austin,2000-01-28,2000-01-28,Single Family,Alteration/Renovation,0
Austin,2000-01-06,2000-01-06,Single Family,Alteration/Renovation,0
Austin,2000-01-25,2000-01-25,Single Family,Alteration/Renovation,0
Austin,2000-01-03,2000-01-03,Single Family,Alteration/Renovation,0
Austin,2000-01-03,2000-01-03,Single Family,New Construction,0
Austin,2000-02-04,2000-02-04,Single Family,Alteration/Renovation,0
Austin,2000-02-22,2000-02-22,Single Family,New Construction,0
Austin,2000-02-15,2000-02-15,Single Family,New Construction,0
Austin,2000-02-01,2000-02-01,Single Family,New Construction,0
Austin,1999-12-22,1999-12-22,Single Family,New Construction,0
Austin,2000-02-08,2000-02-08,Single Family,Alteration/Renovation,0
Austin,2000-02-09,2000-02-09,Single Family,Alteration/Renovation,0
Austin,2000-01-04,2000-01-04,Single Family,Alteration/Renovation,0
Austin,2000-01-28,2000-01-28,Single Family,New Construction,0
Austin,2000-01-20,2000-01-20,Multifamily,New Construction,0
Austin,2000-02-09,2000-02-09,Single Family,Alteration/Renovation,0
Austin,1999-12-15,1999-12-15,Single Family,Alteration/Renovation,0
Austin,2000-02-18,2000-02-18,Single Family,Alteration/Renovation,0
Austin,1999-12-29,1999-12-29,Multifamily,Alteration/Renovation,0
Austin,1999-12-28,1999-12-28,Single Family,Alteration/Renovation,0
Austin,2000-01-18,2000-01-18,Single Family,Alteration/Renovation,0
Austin,2000-02-03,2000-02-03,Single Family,Alteration/Renovation,0
Austin,1999-12-29,1999-12-29,Single Family,New Construction,0
Austin,2000-01-27,2000-01-27,Single Family,New Construction,0
Austin,2000-02-17,2000-02-17,Single Family,Alteration/Renovation,0
Austin,2000-01-03,2000-01-03,Single Family,New Construction,0
Austin,2000-02-08,2000-02-08,Multifamily,New Construction,0
Austin,2000-01-19,2000-01-19,Single Family,Alteration/Renovation,0
Austin,2000-01-18,2000-01-18,Single Family,New Construction,0
Austin,2000-02-08,2000-02-08,Single Family,Alteration/Renovation,0
Austin,1999-12-22,1999-12-22,Multifamily,New Construction,0
Austin,2000-02-01,2000-02-01,Single Family,Alteration/Renovation,0
Austin,2000-01-10,2000-01-10,Single Family,New Construction,0
Austin,1999-12-21,1999-12-21,Single Family,Alteration/Renovation,0
Austin,2000-01-18,2000-01-18,Single Family,Alteration/Renovation,0
Austin,2000-01-27,2000-01-27,Single Family,New Construction,0
Austin,2000-02-01,2000-02-01,Single Family,New Construction,0
Austin,2000-02-07,2000-02-07,Single Family,Alteration/Renovation,0
Austin,2000-01-24,2000-01-24,Single Family,Alteration/Renovation,0
Austin,2000-01-27,2000-01-27,Single Family,Alteration/Renovation,0
Austin,2000-02-16,2000-02-16,Single Family,New Construction,0
Austin,2000-01-11,2000-01-11,Single Family,Alteration/Renovation,0
Austin,2000-02-07,2000-02-07,Single Family,Alteration/Renovation,0
Austin,2000-02-18,2000-02-18,Single Family,New Construction,0
Austin,1999-12-14,1999-12-14,Single Family,New Construction,0
Austin,2000-02-02,2000-02-02,Single Family,Alteration/Renovation,0
Austin,2000-01-12,2000-01-12,Single Family,New Construction,0
Austin,2000-01-27,2000-01-27,Single Family,Alteration/Renovation,0
Austin,2000-02-09,2000-02-09,Single Family,New Construction,0
Austin,1999-12-14,1999-12-14,Single Family,Alteration/Renovation,0
Austin,2000-01-28,2000-01-28,Single Family,New Construction,0
Austin,2000-01-24,2000-01-24,Single Family,New Construction,0
Austin,2000-02-04,2000-02-04,Single Family,Alteration/Renovation,0
Austin,2000-01-04,2000-01-04,Multifamily,New Construction,0
Austin,1999-12-29,1999-12-29,Single Family,Alteration/Renovation,0
Austin,2000-01-25,2000-01-25,Single Family,Alteration/Renovation,0
Austin,2000-01-21,2000-01-21,Single Family,New Construction,0
Austin,2000-02-17,2000-02-17,Single Family,Alteration/Renovation,0
Austin,1999-12-29,1999-12-29,Multifamily,Alteration/Renovation,0
Austin,1999-12-30,1999-12-30,Single Family,New Construction,0
Austin,2000-02-03,2000-02-03,Single Family,New Construction,0
Austin,1999-12-29,1999-12-29,Single Family,Alteration/Renovation,0
Austin,2000-01-11,2000-01-11,Single Family,Alteration/Renovation,0
Austin,2000-01-18,2000-01-18,Single Family,New Construction,0
Austin,1999-12-20,1999-12-20,Single Family,Alteration/Renovation,0
Austin,2000-01-29,2000-01-29,Single Family,Alteration/Renovation,0
Austin,2000-02-22,2000-02-22,Single Family,New Construction,0
Austin,2000-02-04,2000-02-04,Single Family,Alteration/Renovation,0
Austin,2000-01-05,2000-01-05,Single Family,Alteration/Renovation,0
Austin,2000-02-18,2000-02-18,Single Family,Alteration/Renovation,0
Austin,2000-01-03,2000-01-03,Single Family,New Construction,0
Austin,2000-02-10,2000-02-10,Single Family,Alteration/Renovation,0
Austin,1999-12-20,1999-12-20,Single Family,New Construction,0
Austin,2000-01-06,2000-01-06,Single Family,Alteration/Renovation,0
Austin,2000-01-13,2000-01-13,Single Family,New Construction,0
Austin,2000-01-20,2000-01-20,Single Family,Alteration/Renovation,0
Austin,2000-01-31,2000-01-31,Single Family,New Construction,0
Austin,2000-02-08,2000-02-08,Single Family,New Construction,0
Austin,2000-01-18,2000-01-18,Single Family,Alteration/Renovation,0
Austin,2000-01-10,2000-01-10,Single Family,New Construction,0
Austin,2000-01-14,2000-01-14,Single Family,New Construction,0
Austin,2000-01-21,2000-01-21,Single Family,Alteration/Renovation,0
Austin,1999-12-16,1999-12-16,Single Family,New Construction,0
Austin,2000-01-25,2000-01-25,Single Family,Alteration/Renovation,0
Austin,2000-01-28,2000-01-28,Single Family,Alteration/Renovation,0
Austin,2000-02-17,2000-02-17,Single Family,Alteration/Renovation,0
Austin,2000-02-04,2000-02-04,Single Family,New Construction,0
Austin,2000-02-08,2000-02-08,Single Family,New Construction,0
Austin,2000-01-25,2000-01-25,Single Family,Alteration/Renovation,0
Austin,2000-01-28,2000-01-28,Single Family,New Construction,0
Austin,2000-01-13,2000-01-13,Single Family,Alteration/Renovation,0
Austin,2000-01-26,2000-01-26,Single Family,New Construction,0
Austin,2000-01-20,2000-01-20,Single Family,New Construction,0
Austin,2000-02-03,2000-02-03,Single Family,New Construction,0
Austin,2000-01-07,2000-01-07,Single Family,New Construction,0
Austin,1999-12-27,1999-12-27,Single Family,Alteration/Renovation,0
Austin,2000-02-18,2000-02-18,Single Family,Alteration/Renovation,0
Austin,2000-01-29,2000-01-29,Single Family,Alteration/Renovation,0
Austin,2000-01-25,2000-01-25,Single Family,Alteration/Renovation,0
Austin,2000-02-18,2000-02-18,Single Family,Alteration/Renovation,0
Austin,2000-02-04,2000-02-04,Single Family,New Construction,0
Austin,2000-01-21,2000-01-21,Single Family,New Construction,0
Austin,2000-01-07,2000-01-07,Single Family,New Construction,0
Austin,2000-01-31,2000-01-31,Single Family,Alteration/Renovation,0
Austin,2000-02-16,2000-02-16,Single Family,Alteration/Renovation,0
Austin,2000-02-04,2000-02-04,Single Family,New Construction,0
Austin,1999-12-14,1999-12-14,Single Family,Alteration/Renovation,0
Austin,2000-01-25,2000-01-25,Single Family,New Construction,0
Austin,2000-01-24,2000-01-24,Single Family,New Construction,0
Austin,2000-02-22,2000-02-22,Single Family,Alteration/Renovation,0
Austin,1999-12-22,1999-12-22,Single Family,New Construction,0
Austin,1999-12-22,1999-12-22,Single Family,New Construction,0
Austin,2000-01-10,2000-01-10,Single Family,Alteration/Renovation,0
Austin,2000-02-02,2000-02-02,Single Family,New Construction,0
Austin,2000-01-03,2000-01-03,Single Family,Alteration/Renovation,0
Austin,1999-12-15,1999-12-15,Single Family,Alteration/Renovation,0
Austin,2000-01-07,2000-01-07,Single Family,Alteration/Renovation,0
Austin,2000-01-14,2000-01-14,Single Family,New Construction,0
Austin,2000-01-18,2000-01-18,Single Family,New Construction,0
Austin,2000-02-07,2000-02-07,Single Family,Alteration/Renovation,0
Austin,2000-01-11,2000-01-11,Single Family,Alteration/Renovation,0
Austin,2000-01-05,2000-01-05,Single Family,Alteration/Renovation,0
Austin,2000-02-02,2000-02-02,Multifamily,New Construction,0
Austin,2000-02-04,2000-02-04,Single Family,New Construction,0
Austin,2000-02-18,2000-02-18,Single Family,Alteration/Renovation,0
Austin,2000-01-19,2000-01-19,Single Family,Alteration/Renovation,0
Austin,2000-02-08,2000-02-08,Single Family,Alteration/Renovation,0
Austin,1999-12-20,1999-12-20,Single Family,Alteration/Renovation,0
Austin,2000-01-11,2000-01-11,Single Family,New Construction,0
Austin,2000-01-18,2000-01-18,Single Family,New Construction,0
Austin,2000-01-21,2000-01-21,Single Family,New Construction,0
Austin,2000-01-27,2000-01-27,Single Family,New Construction,0
Austin,2000-01-29,2000-01-29,Single Family,Alteration/Renovation,0
Austin,1999-12-20,1999-12-20,Single Family,Alteration/Renovation,0
Austin,1999-12-15,1999-12-15,Single Family,Alteration/Renovation,0
Austin,2000-01-14,2000-01-14,Single Family,New Construction,0
Austin,2000-02-03,2000-02-03,Single Family,Alteration/Renovation,0
Austin,2000-01-07,2000-01-07,Single Family,New Construction,0
Austin,1999-12-29,1999-12-29,Single Family,New Construction,0
Austin,2000-01-07,2000-01-07,Single Family,New Construction,0
Austin,2000-02-16,2000-02-16,Single Family,Alteration/Renovation,0
Austin,2000-01-12,2000-01-12,Single Family,Alteration/Renovation,0
Austin,2000-02-16,2000-02-16,Single Family,Alteration/Renovation,0
Austin,2000-02-17,2000-02-17,Single Family,Alteration/Renovation,0
Austin,2000-02-22,2000-02-22,Single Family,Alteration/Renovation,0
Austin,2000-01-19,2000-01-19,Single Family,Alteration/Renovation,0
Austin,2000-01-26,2000-01-26,Single Family,Alteration/Renovation,0
Austin,2000-01-20,2000-01-20,Multifamily,New Construction,0
Austin,1999-12-17,1999-12-17,Single Family,Alteration/Renovation,0
Austin,2000-01-28,2000-01-28,Multifamily,Alteration/Renovation,0
Austin,1999-12-14,1999-12-14,Single Family,New Construction,0
Austin,2000-02-02,2000-02-02,Single Family,Alteration/Renovation,0
Austin,2000-01-21,2000-01-21,Multifamily,New Construction,0
Austin,2000-02-18,2000-02-18,Single Family,Alteration/Renovation,0
Austin,2000-01-10,2000-01-10,Single Family,New Construction,0
Austin,2000-01-26,2000-01-26,Single Family,Alteration/Renovation,0
Austin,2000-01-24,2000-01-24,Single Family,Alteration/Renovation,0
Austin,2000-01-25,2000-01-25,Single Family,New Construction,0
Austin,2000-01-31,2000-01-31,Single Family,Alteration/Renovation,0
Austin,2000-01-13,2000-01-13,Single Family,New Construction,0
Austin,2000-01-10,2000-01-10,Single Family,New Construction,0
Austin,2000-01-19,2000-01-19,Single Family,New Construction,0
Austin,2000-01-13,2000-01-13,Single Family,Alteration/Renovation,0
Austin,1999-12-21,1999-12-21,Single Family,New Construction,0
Austin,2000-02-03,2000-02-03,Single Family,New Construction,0
Austin,2000-01-25,2000-01-25,Single Family,New Construction,0
Austin,2000-01-20,2000-01-20,Single Family,New Construction,0
Austin,1999-12-29,1999-12-29,Single Family,Alteration/Renovation,0
Austin,2000-02-01,2000-02-01,Single Family,New Construction,0
Austin,2000-01-20,2000-01-20,Single Family,Alteration/Renovation,0
Austin,1999-12-14,1999-12-14,Single Family,Alteration/Renovation,0
Austin,2000-01-07,2000-01-07,Single Family,Alteration/Renovation,0
Austin,2000-01-24,2000-01-24,Single Family,New Construction,0
Austin,2000-02-17,2000-02-17,Single Family,New Construction,0
Austin,2000-02-02,2000-02-02,Single Family,New Construction,0
Austin,2000-02-07,2000-02-07,Single Family,Alteration/Renovation,0
Austin,2000-02-02,2000-02-02,Single Family,Alteration/Renovation,0
Austin,2000-01-14,2000-01-14,Single Family,New Construction,0
Austin,2000-01-24,2000-01-24,Single Family,New Construction,0
Austin,2000-01-03,2000-01-03,Single Family,New Construction,0
Austin,2000-01-21,2000-01-21,Multifamily,New Construction,0
Austin,1999-12-17,1999-12-17,Single Family,Alteration/Renovation,0
Austin,2000-01-31,2000-01-31,Single Family,Alteration/Renovation,0
Austin,2000-01-22,2000-01-22,Single Family,Alteration/Renovation,0
Austin,2000-01-06,2000-01-06,Single Family,New Construction,0
Austin,2000-01-19,2000-01-19,Single Family,New Construction,0
Austin,2000-02-17,2000-02-17,Single Family,New Construction,0
Austin,2000-01-21,2000-01-21,Single Family,Alteration/Renovation,0
Austin,2000-01-24,2000-01-24,Single Family,Alteration/Renovation,0
Austin,2000-02-04,2000-02-04,Single Family,Alteration/Renovation,0
Austin,2000-02-18,2000-02-18,Single Family,New Construction,0
Austin,2000-02-16,2000-02-16,Single Family,Alteration/Renovation,0
Austin,2000-02-22,2000-02-22,Single Family,New Construction,0
Austin,2000-01-07,2000-01-07,Single Family,New Construction,0
Austin,2000-02-08,2000-02-08,Single Family,Alteration/Renovation,0
Austin,2000-02-18,2000-02-18,Single Family,New Construction,0
Austin,2000-01-14,2000-01-14,Single Family,Alteration/Renovation,0
Austin,1999-12-28,1999-12-28,Single Family,New Construction,0
Austin,2000-01-03,2000-01-03,Single Family,New Construction,0
Austin,2000-01-04,2000-01-04,Multifamily,New Construction,0
Austin,2000-02-22,2000-02-22,Single Family,New Construction,0
Austin,2000-02-17,2000-02-17,Single Family,Alteration/Renovation,0
Austin,2000-01-19,2000-01-19,Single Family,Alteration/Renovation,0
Austin,2000-01-19,2000-01-19,Single Family,Alteration/Renovation,0
Austin,2000-01-12,2000-01-12,Single Family,Alteration/Renovation,0
Austin,2000-01-19,2000-01-19,Single Family,Alteration/Renovation,0
Austin,1999-12-20,1999-12-20,Single Family,Alteration/Renovation,0
Austin,2000-02-18,2000-02-18,Single Family,Alteration/Renovation,0
Austin,2000-02-16,2000-02-16,Single Family,Alteration/Renovation,0
Austin,2000-01-12,2000-01-12,Single Family,New Construction,0
Austin,1999-12-20,1999-12-20,Single Family,Alteration/Renovation,0
Austin,2000-02-08,2000-02-08,Single Family,Alteration/Renovation,0
Austin,2000-02-16,2000-02-16,Multifamily,New Construction,0
Austin,2000-01-05,2000-01-05,Single Family,Alteration/Renovation,0
Austin,2000-01-11,2000-01-11,Single Family,New Construction,0
Austin,2000-01-18,2000-01-18,Single Family,New Construction,0
Austin,2000-01-24,2000-01-24,Single Family,Alteration/Renovation,0
Austin,2000-01-20,2000-01-20,Multifamily,New Construction,0
Austin,2000-01-28,2000-01-28,Multifamily,New Construction,0
Austin,2000-01-20,2000-01-20,Multifamily,New Construction,0
Austin,2000-01-05,2000-01-05,Single Family,Alteration/Renovation,0
Austin,2000-01-06,2000-01-06,Single Family,New Construction,0
Austin,1999-12-26,1999-12-26,Single Family,New Construction,0
Austin,1999-12-14,1999-12-14,Single Family,Alteration/Renovation,0
Austin,2000-01-07,2000-01-07,Multifamily,Alteration/Renovation,0
Austin,2000-02-09,2000-02-09,Single Family,Alteration/Renovation,0
Austin,1999-12-16,1999-12-16,Single Family,New Construction,0
Austin,2000-01-10,2000-01-10,Single Family,New Construction,0
Austin,2000-01-07,2000-01-07,Single Family,New Construction,0
Austin,2000-01-27,2000-01-27,Single Family,Alteration/Renovation,0
Austin,1999-12-21,1999-12-21,Single Family,New Construction,0
Austin,2000-02-18,2000-02-18,Single Family,Alteration/Renovation,0
Austin,2000-02-16,2000-02-16,Single Family,Alteration/Renovation,0
Austin,2000-01-19,2000-01-19,Single Family,New Construction,0
Austin,2000-02-02,2000-02-02,Single Family,New Construction,0
Austin,1999-12-16,1999-12-16,Single Family,Alteration/Renovation,0
Austin,2000-01-27,2000-01-27,Single Family,New Construction,0
Austin,2000-01-05,2000-01-05,Single Family,Alteration/Renovation,0
Austin,1998-11-30,1998-11-30,Single Family,Alteration/Renovation,0
Austin,2000-02-03,2000-02-03,Single Family,New Construction,0
Austin,1999-12-20,1999-12-20,Single Family,Alteration/Renovation,0
Austin,2000-01-18,2000-01-18,Single Family,Alteration/Renovation,0
Austin,1999-12-28,1999-12-28,Single Family,Alteration/Renovation,0
Austin,2000-02-10,2000-02-10,Single Family,New Construction,0
Austin,2000-02-16,2000-02-16,Single Family,Alteration/Renovation,0
Austin,2000-02-09,2000-02-09,Single Family,Alteration/Renovation,0
Austin,2000-01-14,2000-01-14,Single Family,New Construction,0
Austin,2000-01-21,2000-01-21,Single Family,Alteration/Renovation,0
Austin,1999-12-14,1999-12-14,Single Family,Alteration/Renovation,0
Austin,2000-01-10,2000-01-10,Single Family,New Construction,0
Austin,2000-01-21,2000-01-21,Single Family,Alteration/Renovation,0
Austin,1999-12-16,1999-12-16,Single Family,New Construction,0
Austin,2000-01-26,2000-01-26,Single Family,Alteration/Renovation,0
Austin,2000-02-08,2000-02-08,Single Family,New Construction,0
Austin,2000-01-14,2000-01-14,Single Family,New Construction,0
Austin,2000-02-22,2000-02-22,Single Family,New Construction,0
Austin,2000-02-04,2000-02-04,Single Family,Alteration/Renovation,0
Austin,2000-02-18,2000-02-18,Single Family,New Construction,0
Austin,2000-01-10,2000-01-10,Single Family,New Construction,0
Austin,2000-01-04,2000-01-04,Single Family,Alteration/Renovation,0
Austin,2000-01-19,2000-01-19,Single Family,New Construction,0
Austin,2000-02-04,2000-02-04,Single Family,Alteration/Renovation,0
Austin,2000-01-18,2000-01-18,Single Family,New Construction,0
Austin,1999-12-28,1999-12-28,Single Family,New Construction,0
Austin,2000-01-28,2000-01-28,Single Family,New Construction,0
Austin,2000-01-29,2000-01-29,Single Family,Alteration/Renovation,0
Austin,1999-12-28,1999-12-28,Single Family,New Construction,0
Austin,2000-02-07,2000-02-07,Multifamily,New Construction,0
Austin,2000-02-09,2000-02-09,Single Family,New Construction,0
Austin,1999-12-15,1999-12-15,Single Family,New Construction,0
Austin,1999-12-21,1999-12-21,Single Family,Alteration/Renovation,0
Austin,2000-01-21,2000-01-21,Single Family,New Construction,0
Austin,1999-12-16,1999-12-16,Single Family,Alteration/Renovation,0
Austin,2000-01-03,2000-01-03,Single Family,New Construction,0
Austin,1999-12-16,1999-12-16,Single Family,Alteration/Renovation,0
Austin,2000-01-29,2000-01-29,Single Family,Alteration/Renovation,0
Austin,1999-12-17,1999-12-17,Single Family,Alteration/Renovation,0
Austin,2000-02-09,2000-02-09,Single Family,New Construction,0
Austin,1999-12-23,1999-12-23,Single Family,Alteration/Renovation,0
Austin,2000-01-04,2000-01-04,Multifamily,New Construction,0
Austin,2000-02-04,2000-02-04,Single Family,Alteration/Renovation,0
Austin,2000-01-03,2000-01-03,Single Family,New Construction,0
Austin,1999-12-14,1999-12-14,Single Family,New Construction,0
Austin,2000-01-07,2000-01-07,Single Family,Alteration/Renovation,0
Austin,1999-12-30,1999-12-30,Single Family,New Construction,0
Austin,2000-01-04,2000-01-04,Multifamily,New Construction,0
Austin,2000-02-17,2000-02-17,Single Family,Alteration/Renovation,0
Austin,2000-01-13,2000-01-13,Single Family,New Construction,0
Austin,2000-01-31,2000-01-31,Single Family,Alteration/Renovation,0
Austin,1999-12-23,1999-12-23,Single Family,New Construction,0
Austin,2000-01-03,2000-01-03,Single Family,New Construction,0
Austin,2000-01-20,2000-01-20,Single Family,New Construction,0
Austin,2000-02-03,2000-02-03,Single Family,New Construction,0
Austin,2000-01-31,2000-01-31,Single Family,New Construction,0
Austin,2000-02-02,2000-02-02,Single Family,Alteration/Renovation,0
Austin,2000-01-29,2000-01-29,Single Family,Alteration/Renovation,0
Austin,1999-12-27,1999-12-27,Single Family,Alteration/Renovation,0
Austin,2000-02-01,2000-02-01,Single Family,New Construction,0
Austin,1999-12-28,1999-12-28,Multifamily,Alteration/Renovation,0
Austin,2000-01-13,2000-01-13,Multifamily,New Construction,0
Austin,2000-01-11,2000-01-11,Single Family,Alteration/Renovation,0
Austin,2000-01-26,2000-01-26,Multifamily,New Construction,0
Austin,2000-02-18,2000-02-18,Single Family,New Construction,0
Austin,2000-02-17,2000-02-17,Single Family,Alteration/Renovation,0
Austin,2000-02-04,2000-02-04,Single Family,New Construction,0
Austin,2000-02-16,2000-02-16,Single Family,New Construction,0
Austin,1999-12-20,1999-12-20,Single Family,Alteration/Renovation,0
Austin,2000-01-18,2000-01-18,Single Family,New Construction,0
Austin,1999-12-14,1999-12-14,Single Family,New Construction,0
Austin,2000-01-28,2000-01-28,Single Family,Alteration/Renovation,0
Austin,2000-01-28,2000-01-28,Multifamily,New Construction,0
Austin,2000-01-07,2000-01-07,Single Family,New Construction,0
Austin,2000-01-28,2000-01-28,Multifamily,New Construction,0
Austin,2000-01-22,2000-01-22,Single Family,Alteration/Renovation,0
Austin,2000-01-26,2000-01-26,Single Family,Alteration/Renovation,0
Austin,2000-01-05,2000-01-05,Single Family,New Construction,0
Austin,1999-12-26,1999-12-26,Single Family,Alteration/Renovation,0
Austin,2000-02-18,2000-02-18,Single Family,New Construction,0
Austin,1999-12-23,1999-12-23,Single Family,New Construction,0
Austin,2000-01-29,2000-01-29,Single Family,New Construction,0
Austin,2000-02-07,2000-02-07,Single Family,Alteration/Renovation,0
Austin,2000-01-13,2000-01-13,Single Family,New Construction,0
Austin,2000-02-02,2000-02-02,Single Family,New Construction,0
Austin,2000-01-12,2000-01-12,Single Family,Alteration/Renovation,0
Austin,2000-01-27,2000-01-27,Single Family,Alteration/Renovation,0
Austin,2000-01-26,2000-01-26,Single Family,Alteration/Renovation,0
Austin,2000-01-11,2000-01-11,Single Family,Alteration/Renovation,0
Austin,2000-01-25,2000-01-25,Single Family,New Construction,0
Austin,2000-01-26,2000-01-26,Single Family,Alteration/Renovation,0
Austin,2000-01-13,2000-01-13,Single Family,Alteration/Renovation,0
Austin,2000-02-01,2000-02-01,Single Family,New Construction,0
Austin,2000-01-24,2000-01-24,Single Family,New Construction,0
Austin,2000-02-09,2000-02-09,Single Family,Alteration/Renovation,0
Austin,1999-12-29,1999-12-29,Single Family,Alteration/Renovation,0
Austin,2000-02-01,2000-02-01,Single Family,Alteration/Renovation,0
Austin,2000-01-27,2000-01-27,Single Family,New Construction,0
Austin,2000-01-31,2000-01-31,Single Family,New Construction,0
Austin,2000-01-19,2000-01-19,Single Family,New Construction,0
Austin,2000-01-12,2000-01-12,Single Family,New Construction,0
Austin,2000-01-25,2000-01-25,Single Family,Alteration/Renovation,0
Austin,1999-12-30,1999-12-30,Single Family,Alteration/Renovation,0
Austin,2000-01-04,2000-01-04,Single Family,Alteration/Renovation,0
Austin,2000-01-31,2000-01-31,Single Family,New Construction,0
Austin,2000-02-02,2000-02-02,Single Family,Alteration/Renovation,0
Austin,2000-01-03,2000-01-03,Single Family,New Construction,0
Austin,2000-01-20,2000-01-20,Single Family,Alteration/Renovation,0
Austin,2000-01-05,2000-01-05,Single Family,Alteration/Renovation,0
Austin,1999-12-15,1999-12-15,Single Family,New Construction,0
Austin,2000-01-18,2000-01-18,Single Family,Alteration/Renovation,0
Austin,2000-02-07,2000-02-07,Single Family,New Construction,0
Austin,2000-02-02,2000-02-02,Single Family,Alteration/Renovation,0
Austin,2000-02-09,2000-02-09,Single Family,New Construction,0
Austin,2000-01-24,2000-01-24,Single Family,New Construction,0
Austin,2000-02-07,2000-02-07,Single Family,Alteration/Renovation,0
Austin,2000-01-18,2000-01-18,Single Family,New Construction,0
Austin,1999-12-14,1999-12-14,Single Family,New Construction,0
Austin,2000-02-07,2000-02-07,Single Family,Alteration/Renovation,0
Austin,2000-02-04,2000-02-04,Single Family,Alteration/Renovation,0
Austin,2000-01-27,2000-01-27,Single Family,New Construction,0
Austin,2000-01-03,2000-01-03,Single Family,New Construction,0
Austin,2000-01-26,2000-01-26,Single Family,New Construction,0
Austin,2000-01-04,2000-01-04,Single Family,Alteration/Renovation,0
Austin,2000-01-26,2000-01-26,Single Family,Alteration/Renovation,0
Austin,2000-02-17,2000-02-17,Single Family,Alteration/Renovation,0
Austin,2000-01-18,2000-01-18,Single Family,New Construction,0
Austin,2000-01-26,2000-01-26,Single Family,New Construction,0
Austin,2000-01-05,2000-01-05,Single Family,Alteration/Renovation,0
Austin,2000-01-28,2000-01-28,Single Family,Alteration/Renovation,0
Austin,2000-01-27,2000-01-27,Single Family,New Construction,0
Austin,2000-02-04,2000-02-04,Single Family,Alteration/Renovation,0
Austin,2000-02-01,2000-02-01,Single Family,Alteration/Renovation,0
Austin,2000-02-02,2000-02-02,Single Family,New Construction,0
Austin,2000-02-08,2000-02-08,Single Family,Alteration/Renovation,0
Austin,2000-01-21,2000-01-21,Single Family,New Construction,0
Austin,2000-02-08,2000-02-08,Single Family,Alteration/Renovation,0
Austin,2000-02-04,2000-02-04,Single Family,New Construction,0
Austin,2000-01-07,2000-01-07,Single Family,New Construction,0
Austin,2000-02-08,2000-02-08,Single Family,New Construction,0
Austin,1999-12-14,1999-12-14,Single Family,New Construction,0
Austin,2000-01-10,2000-01-10,Single Family,New Construction,0
Austin,2000-02-09,2000-02-09,Single Family,New Construction,0
Austin,1999-12-15,1999-12-15,Single Family,New Construction,0
Austin,1999-12-22,1999-12-22,Single Family,Alteration/Renovation,0
Austin,1999-12-21,1999-12-21,Single Family,Alteration/Renovation,0
Austin,2000-02-07,2000-02-07,Single Family,New Construction,0
Austin,1999-12-15,1999-12-15,Single Family,New Construction,0
Austin,2000-01-26,2000-01-26,Single Family,Alteration/Renovation,0
Austin,2000-01-14,2000-01-14,Single Family,Alteration/Renovation,0
Austin,1999-12-15,1999-12-15,Single Family,Alteration/Renovation,0
Austin,2000-01-27,2000-01-27,Single Family,New Construction,0
Austin,1999-12-22,1999-12-22,Multifamily,New Construction,0
Austin,2000-01-18,2000-01-18,Single Family,New Construction,0
Austin,2000-01-26,2000-01-26,Single Family,Alteration/Renovation,0
Austin,2000-02-09,2000-02-09,Single Family,New Construction,0
Austin,1999-12-22,1999-12-22,Single Family,Alteration/Renovation,0
Austin,2000-02-04,2000-02-04,Single Family,New Construction,0
Austin,2000-01-13,2000-01-13,Single Family,Alteration/Renovation,0
Austin,2000-01-27,2000-01-27,Single Family,Alteration/Renovation,0
Austin,2000-01-25,2000-01-25,Single Family,Alteration/Renovation,0
Austin,1999-12-14,1999-12-14,Single Family,New Construction,0
Austin,2000-01-14,2000-01-14,Single Family,New Construction,0
Austin,2000-01-28,2000-01-28,Single Family,Alteration/Renovation,0
Austin,1999-12-14,1999-12-14,Single Family,Alteration/Renovation,0
Austin,2000-02-07,2000-02-07,Single Family,Alteration/Renovation,0
Austin,2000-01-18,2000-01-18,Single Family,Alteration/Renovation,0
Austin,1999-12-16,1999-12-16,Single Family,New Construction,0
Austin,2000-02-09,2000-02-09,Single Family,Alteration/Renovation,0
Austin,2000-02-07,2000-02-07,Single Family,New Construction,0
Austin,2000-02-08,2000-02-08,Single Family,New Construction,0
Austin,2000-01-27,2000-01-27,Single Family,New Construction,0
Austin,2000-02-03,2000-02-03,Single Family,New Construction,0
Austin,2000-01-26,2000-01-26,Single Family,Alteration/Renovation,0
Austin,2000-01-14,2000-01-14,Single Family,Alteration/Renovation,0
Austin,2000-01-10,2000-01-10,Single Family,New Construction,0
Austin,2000-01-04,2000-01-04,Multifamily,New Construction,0
Austin,2000-01-05,2000-01-05,Single Family,Alteration/Renovation,0
Austin,2000-02-04,2000-02-04,Single Family,New Construction,0
Austin,2000-02-03,2000-02-03,Single Family,New Construction,0
Austin,1999-12-16,1999-12-16,Single Family,New Construction,0
Austin,2000-01-28,2000-01-28,Single Family,Alteration/Renovation,0
Austin,1999-12-14,1999-12-14,Single Family,Alteration/Renovation,0
Austin,2000-02-04,2000-02-04,Single Family,New Construction,0
Austin,2000-01-11,2000-01-11,Single Family,New Construction,0
Austin,1999-12-20,1999-12-20,Single Family,Alteration/Renovation,0
Austin,2000-01-10,2000-01-10,Single Family,Alteration/Renovation,0
Austin,2000-02-17,2000-02-17,Multifamily,Alteration/Renovation,0
Austin,2000-02-18,2000-02-18,Single Family,New Construction,0
Austin,2000-02-07,2000-02-07,Single Family,Alteration/Renovation,0
Austin,1999-12-13,1999-12-13,Single Family,New Construction,0
Austin,2000-02-08,2000-02-08,Single Family,New Construction,0
Austin,2000-02-17,2000-02-17,Single Family,New Construction,0
Austin,2000-01-05,2000-01-05,Single Family,New Construction,0
Austin,1999-12-22,1999-12-22,Single Family,New Construction,0
Austin,1999-12-26,1999-12-26,Single Family,New Construction,0
Austin,2000-01-07,2000-01-07,Single Family,Alteration/Renovation,0
Austin,2000-02-03,2000-02-03,Single Family,New Construction,0
Austin,2000-01-04,2000-01-04,Single Family,Alteration/Renovation,0
Austin,2000-01-04,2000-01-04,Single Family,New Construction,0
Austin,2000-02-07,2000-02-07,Single Family,Alteration/Renovation,0
Austin,2000-02-22,2000-02-22,Single Family,Alteration/Renovation,0
Austin,1999-12-29,1999-12-29,Single Family,New Construction,0
Austin,2000-02-02,2000-02-02,Single Family,New Construction,0
Austin,2000-01-29,2000-01-29,Single Family,Alteration/Renovation,0
Austin,2000-02-22,2000-02-22,Single Family,New Construction,0
Austin,2000-02-04,2000-02-04,Single Family,New Construction,0
Austin,2000-02-15,2000-02-15,Single Family,New Construction,0
Austin,2000-01-29,2000-01-29,Single Family,Alteration/Renovation,0
Austin,2000-02-18,2000-02-18,Single Family,New Construction,0
Austin,1999-12-30,1999-12-30,Single Family,Alteration/Renovation,0
Austin,2000-01-24,2000-01-24,Single Family,New Construction,0
Austin,1999-12-27,1999-12-27,Single Family,Alteration/Renovation,0
Austin,2000-02-03,2000-02-03,Single Family,Alteration/Renovation,0
Austin,2000-01-11,2000-01-11,Single Family,New Construction,0
Austin,1999-12-17,1999-12-17,Single Family,Alteration/Renovation,0
Austin,2000-02-02,2000-02-02,Single Family,New Construction,0
Austin,2000-02-09,2000-02-09,Single Family,Alteration/Renovation,0
Austin,1999-12-20,1999-12-20,Single Family,Alteration/Renovation,0
Austin,2000-02-16,2000-02-16,Single Family,New Construction,0
Austin,2000-02-02,2000-02-02,Single Family,Alteration/Renovation,0
Austin,2000-02-17,2000-02-17,Single Family,New Construction,0
Austin,1999-12-21,1999-12-21,Single Family,Alteration/Renovation,0
Austin,2000-02-03,2000-02-03,Single Family,New Construction,0
Austin,2000-01-18,2000-01-18,Single Family,Alteration/Renovation,0
Austin,2000-02-17,2000-02-17,Single Family,Alteration/Renovation,0
Austin,2000-02-22,2000-02-22,Single Family,Alteration/Renovation,0
Austin,2000-01-18,2000-01-18,Single Family,New Construction,0
Austin,2000-01-24,2000-01-24,Single Family,Alteration/Renovation,0
Austin,2000-01-11,2000-01-11,Single Family,New Construction,0
Austin,2000-01-12,2000-01-12,Single Family,Alteration/Renovation,0
Austin,1999-12-29,1999-12-29,Single Family,New Construction,0
Austin,2000-01-18,2000-01-18,Single Family,New Construction,0
Austin,2000-01-10,2000-01-10,Single Family,New Construction,0
Austin,2000-01-14,2000-01-14,Single Family,Alteration/Renovation,0
Austin,2000-01-12,2000-01-12,Single Family,New Construction,0
Austin,2000-02-16,2000-02-16,Single Family,Alteration/Renovation,0
Austin,2000-01-21,2000-01-21,Single Family,New Construction,0
Austin,2000-01-22,2000-01-22,Single Family,Alteration/Renovation,0
Austin,2000-01-21,2000-01-21,Single Family,New Construction,0
Austin,2000-02-18,2000-02-18,Single Family,Alteration/Renovation,0
Austin,2000-02-17,2000-02-17,Single Family,New Construction,0
Austin,2000-02-09,2000-02-09,Single Family,Alteration/Renovation,0
Austin,2000-01-20,2000-01-20,Multifamily,New Construction,0
Austin,2000-01-12,2000-01-12,Single Family,Alteration/Renovation,0
Austin,2000-01-14,2000-01-14,Single Family,New Construction,0
Austin,1999-12-27,1999-12-27,Single Family,New Construction,0
Austin,2000-02-15,2000-02-15,Single Family,New Construction,0
Austin,2000-01-24,2000-01-24,Single Family,New Construction,0
Austin,2000-01-06,2000-01-06,Single Family,New Construction,0
Austin,2000-01-10,2000-01-10,Single Family,Alteration/Renovation,0
Austin,2000-01-26,2000-01-26,Single Family,New Construction,0
Austin,2000-01-21,2000-01-21,Single Family,Alteration/Renovation,0
Austin,2000-02-16,2000-02-16,Single Family,Alteration/Renovation,0
Austin,2000-01-10,2000-01-10,Single Family,New Construction,0
Austin,2000-01-21,2000-01-21,Single Family,Alteration/Renovation,0
Austin,2000-01-10,2000-01-10,Single Family,Alteration/Renovation,0
Austin,1998-11-23,1998-11-23,Single Family,Alteration/Renovation,0
Austin,2000-01-04,2000-01-04,Multifamily,New Construction,0
Austin,2000-02-01,2000-02-01,Single Family,New Construction,0
Austin,1999-12-21,1999-12-21,Single Family,Alteration/Renovation,0
Austin,2000-02-18,2000-02-18,Single Family,New Construction,0
Austin,2000-01-11,2000-01-11,Single Family,New Construction,0
Austin,2000-02-09,2000-02-09,Single Family,New Construction,0
Austin,2000-02-22,2000-02-22,Single Family,New Construction,0
Austin,2000-01-18,2000-01-18,Single Family,Alteration/Renovation,0
Austin,2000-02-02,2000-02-02,Single Family,Alteration/Renovation,0
Austin,1999-12-13,1999-12-13,Single Family,Alteration/Renovation,0
Austin,2000-01-29,2000-01-29,Single Family,New Construction,0
Austin,1999-12-15,1999-12-15,Single Family,Alteration/Renovation,0
Austin,2000-02-04,2000-02-04,Single Family,Alteration/Renovation,0
Austin,2000-02-18,2000-02-18,Single Family,New Construction,0
Austin,2000-01-31,2000-01-31,Single Family,Alteration/Renovation,0
Austin,1999-12-20,1999-12-20,Single Family,Alteration/Renovation,0
Austin,2000-02-18,2000-02-18,Single Family,Alteration/Renovation,0
Austin,1999-12-26,1999-12-26,Single Family,Alteration/Renovation,0
Austin,2000-01-03,2000-01-03,Single Family,New Construction,0
Austin,2000-01-06,2000-01-06,Single Family,New Construction,0
Austin,2000-01-18,2000-01-18,Single Family,New Construction,0
Austin,2000-01-24,2000-01-24,Single Family,New Construction,0
Austin,1998-12-28,1998-12-28,Single Family,New Construction,0
Austin,2000-02-09,2000-02-09,Single Family,Alteration/Renovation,0
Austin,1999-12-28,1999-12-28,Single Family,Alteration/Renovation,0
Austin,1999-12-15,1999-12-15,Single Family,Alteration/Renovation,0
Austin,2000-01-29,2000-01-29,Single Family,Alteration/Renovation,0
Austin,2000-01-25,2000-01-25,Single Family,New Construction,0
Austin,2000-01-27,2000-01-27,Single Family,New Construction,0
Austin,2000-01-21,2000-01-21,Single Family,Alteration/Renovation,0
Austin,2000-02-09,2000-02-09,Single Family,New Construction,0
Austin,2000-01-06,2000-01-06,Single Family,Alteration/Renovation,0
Austin,1999-12-22,1999-12-22,Single Family,Alteration/Renovation,0
Austin,2000-01-12,2000-01-12,Single Family,New Construction,0
Austin,2000-01-07,2000-01-07,Single Family,New Construction,0
Austin,2000-01-27,2000-01-27,Single Family,Alteration/Renovation,0
Austin,1999-12-14,1999-12-14,Single Family,New Construction,0
Austin,2000-01-18,2000-01-18,Single Family,New Construction,0
Austin,2000-01-21,2000-01-21,Single Family,Alteration/Renovation,0
Austin,2000-01-27,2000-01-27,Single Family,Alteration/Renovation,0
Austin,2000-02-22,2000-02-22,Single Family,New Construction,0
Austin,2000-01-19,2000-01-19,Single Family,New Construction,0
Austin,2000-01-18,2000-01-18,Single Family,New Construction,0
Austin,2000-01-13,2000-01-13,Single Family,New Construction,0
Austin,2000-01-20,2000-01-20,Single Family,Alteration/Renovation,0
Austin,2000-01-18,2000-01-18,Single Family,New Construction,0
Austin,2000-02-04,2000-02-04,Single Family,Alteration/Renovation,0
Austin,2000-01-31,2000-01-31,Single Family,Alteration/Renovation,0
Austin,2000-01-14,2000-01-14,Single Family,New Construction,0
Austin,2000-01-19,2000-01-19,Single Family,New Construction,0
Austin,2000-01-13,2000-01-13,Single Family,Alteration/Renovation,0
Austin,1999-12-17,1999-12-17,Single Family,Alteration/Renovation,0
Austin,2000-01-20,2000-01-20,Multifamily,New Construction,0
Austin,1999-12-20,1999-12-20,Single Family,Alteration/Renovation,0
Austin,2000-02-01,2000-02-01,Single Family,Alteration/Renovation,0
Austin,2000-02-03,2000-02-03,Single Family,Alteration/Renovation,0
Austin,2000-01-20,2000-01-20,Multifamily,New Construction,0
Austin,2000-01-24,2000-01-24,Single Family,Alteration/Renovation,0
Austin,2000-02-22,2000-02-22,Single Family,New Construction,0
Austin,2000-02-03,2000-02-03,Single Family,New Construction,0
Austin,2000-01-14,2000-01-14,Single Family,New Construction,0
Austin,2000-01-20,2000-01-20,Multifamily,New Construction,0
Austin,2000-02-08,2000-02-08,Single Family,New Construction,0
Austin,1999-12-21,1999-12-21,Single Family,Alteration/Renovation,0
Austin,2000-01-21,2000-01-21,Single Family,New Construction,0
Austin,2000-02-16,2000-02-16,Single Family,New Construction,0
Austin,2000-01-21,2000-01-21,Single Family,Alteration/Renovation,0
Austin,1999-01-11,1999-01-11,Single Family,Alteration/Renovation,0
Austin,2000-01-14,2000-01-14,Single Family,New Construction,0
Austin,2000-01-27,2000-01-27,Single Family,Alteration/Renovation,0
Austin,2000-01-11,2000-01-11,Single Family,New Construction,0
Austin,1999-12-14,1999-12-14,Single Family,Alteration/Renovation,0
Austin,1999-12-20,1999-12-20,Single Family,Alteration/Renovation,0
Austin,2000-01-21,2000-01-21,Single Family,Alteration/Renovation,0
Austin,2000-01-27,2000-01-27,Single Family,New Construction,0
Austin,2000-01-31,2000-01-31,Single Family,Alteration/Renovation,0
Austin,2000-02-18,2000-02-18,Single Family,Alteration/Renovation,0
Austin,2000-02-08,2000-02-08,Single Family,New Construction,0
Austin,2000-01-11,2000-01-11,Single Family,New Construction,0
Austin,2000-01-25,2000-01-25,Single Family,New Construction,0
Austin,1999-12-28,1999-12-28,Single Family,New Construction,0
Austin,2000-02-16,2000-02-16,Single Family,New Construction,0
Austin,2000-02-16,2000-02-16,Single Family,New Construction,0
Austin,1999-12-20,1999-12-20,Single Family,New Construction,0
Austin,1999-12-21,1999-12-21,Single Family,New Construction,0
Austin,2000-01-25,2000-01-25,Single Family,New Construction,0
Austin,2000-02-07,2000-02-07,Single Family,New Construction,0
Austin,2000-01-14,2000-01-14,Single Family,Alteration/Renovation,0
Austin,2000-02-18,2000-02-18,Single Family,New Construction,0
Austin,1999-12-29,1999-12-29,Single Family,New Construction,0
Austin,1999-12-27,1999-12-27,Single Family,Alteration/Renovation,0
Austin,2000-02-01,2000-02-01,Single Family,New Construction,0
Austin,1999-12-17,1999-12-17,Single Family,Alteration/Renovation,0
Austin,2000-01-21,2000-01-21,Single Family,Alteration/Renovation,0
Austin,2000-02-02,2000-02-02,Single Family,New Construction,0
Austin,2000-01-18,2000-01-18,Single Family,Alteration/Renovation,0
Austin,1999-12-17,1999-12-17,Single Family,Alteration/Renovation,0
Austin,1999-12-22,1999-12-22,Single Family,New Construction,0
Austin,2000-01-12,2000-01-12,Single Family,New Construction,0
Austin,2000-02-18,2000-02-18,Single Family,New Construction,0
Austin,2000-01-06,2000-01-06,Single Family,Alteration/Renovation,0
Austin,2000-02-17,2000-02-17,Single Family,Alteration/Renovation,0
Austin,2000-02-04,2000-02-04,Single Family,Alteration/Renovation,0
Austin,2000-01-26,2000-01-26,Multifamily,New Construction,0
Austin,2000-01-12,2000-01-12,Single Family,New Construction,0
Austin,2000-02-22,2000-02-22,Single Family,New Construction,0
Austin,2000-01-26,2000-01-26,Single Family,Alteration/Renovation,0
Austin,2000-01-18,2000-01-18,Single Family,Alteration/Renovation,0
Austin,1999-12-27,1999-12-27,Single Family,Alteration/Renovation,0
Austin,2000-01-07,2000-01-07,Single Family,New Construction,0
Austin,2000-01-31,2000-01-31,Single Family,New Construction,0
Austin,1999-12-15,1999-12-15,Single Family,Alteration/Renovation,0
Austin,2000-01-13,2000-01-13,Single Family,New Construction,0
Austin,2000-02-15,2000-02-15,Single Family,New Construction,0
Austin,2000-01-07,2000-01-07,Single Family,New Construction,0
Austin,2000-01-27,2000-01-27,Single Family,Alteration/Renovation,0
Austin,2000-01-27,2000-01-27,Single Family,Alteration/Renovation,0
Austin,2000-01-20,2000-01-20,Single Family,New Construction,0
Austin,2000-01-07,2000-01-07,Single Family,Alteration/Renovation,0
Austin,2000-01-31,2000-01-31,Single Family,New Construction,0
Austin,2000-01-22,2000-01-22,Single Family,Alteration/Renovation,0
Austin,2000-01-27,2000-01-27,Single Family,New Construction,0
Austin,2000-01-21,2000-01-21,Single Family,New Construction,0
Austin,2000-02-08,2000-02-08,Single Family,New Construction,0
Austin,2000-02-08,2000-02-08,Single Family,Alteration/Renovation,0
Austin,2000-01-26,2000-01-26,Single Family,Alteration/Renovation,0
Austin,2000-02-03,2000-02-03,Single Family,Alteration/Renovation,0
Austin,2000-01-28,2000-01-28,Single Family,New Construction,0
Austin,2000-01-25,2000-01-25,Single Family,New Construction,0
Austin,1999-12-16,1999-12-16,Single Family,Alteration/Renovation,0
Austin,2000-01-12,2000-01-12,Single Family,Alteration/Renovation,0
Austin,2000-02-16,2000-02-16,Single Family,Alteration/Renovation,0
Austin,2000-01-20,2000-01-20,Single Family,New Construction,0
Austin,2000-01-25,2000-01-25,Single Family,New Construction,0
Austin,2000-01-04,2000-01-04,Multifamily,Alteration/Renovation,0
Austin,2000-01-20,2000-01-20,Multifamily,New Construction,0
Austin,2000-01-06,2000-01-06,Single Family,New Construction,0
Austin,2000-01-05,2000-01-05,Single Family,New Construction,0
Austin,2000-01-21,2000-01-21,Single Family,Alteration/Renovation,0
Austin,2000-01-19,2000-01-19,Single Family,New Construction,0
Austin,2000-01-22,2000-01-22,Single Family,Alteration/Renovation,0
Austin,2000-01-18,2000-01-18,Single Family,New Construction,0
Austin,2000-01-03,2000-01-03,Single Family,New Construction,0
Austin,2000-01-20,2000-01-20,Single Family,Alteration/Renovation,0
Austin,2000-01-19,2000-01-19,Single Family,New Construction,0
Austin,1999-12-21,1999-12-21,Single Family,Alteration/Renovation,0
Austin,2000-02-22,2000-02-22,Single Family,Alteration/Renovation,0
Austin,2000-01-19,2000-01-19,Single Family,New Construction,0
Austin,2000-02-17,2000-02-17,Single Family,Alteration/Renovation,0
Austin,2000-02-07,2000-02-07,Single Family,New Construction,0
Austin,2000-01-25,2000-01-25,Single Family,New Construction,0
Austin,2000-01-10,2000-01-10,Single Family,Alteration/Renovation,0
Austin,2000-01-31,2000-01-31,Single Family,Alteration/Renovation,0
Austin,2000-01-04,2000-01-04,Single Family,New Construction,0
Austin,1999-12-27,1999-12-27,Single Family,New Construction,0
Austin,2000-02-01,2000-02-01,Single Family,Alteration/Renovation,0
Austin,2000-02-04,2000-02-04,Multifamily,Alteration/Renovation,0
Austin,1999-12-14,1999-12-14,Single Family,Alteration/Renovation,0
Austin,2000-01-18,2000-01-18,Single Family,Alteration/Renovation,0
Austin,2000-02-09,2000-02-09,Single Family,Alteration/Renovation,0
Austin,2000-01-14,2000-01-14,Single Family,New Construction,0
Austin,2000-01-10,2000-01-10,Single Family,New Construction,0
Austin,2000-01-06,2000-01-06,Single Family,New Construction,0
Austin,1999-12-26,1999-12-26,Single Family,New Construction,0
Austin,2000-01-18,2000-01-18,Single Family,Alteration/Renovation,0
Austin,2000-02-02,2000-02-02,Single Family,Alteration/Renovation,0
Austin,2000-02-03,2000-02-03,Single Family,New Construction,0
Austin,1999-12-17,1999-12-17,Single Family,Alteration/Renovation,0
Austin,2000-01-14,2000-01-14,Single Family,Alteration/Renovation,0
Austin,2000-01-29,2000-01-29,Single Family,Alteration/Renovation,0
Austin,1999-12-21,1999-12-21,Single Family,Alteration/Renovation,0
Austin,2000-02-01,2000-02-01,Single Family,New Construction,0
Austin,2000-01-11,2000-01-11,Single Family,Alteration/Renovation,0
Austin,2000-02-02,2000-02-02,Single Family,Alteration/Renovation,0
Austin,1999-12-15,1999-12-15,Single Family,New Construction,0
Austin,2000-02-15,2000-02-15,Single Family,New Construction,0
Austin,2000-01-28,2000-01-28,Single Family,New Construction,0
Austin,2000-01-26,2000-01-26,Single Family,New Construction,0
Austin,2000-02-16,2000-02-16,Single Family,Alteration/Renovation,0
Austin,2000-02-09,2000-02-09,Single Family,New Construction,0
Austin,2000-01-12,2000-01-12,Single Family,New Construction,0
Austin,2000-02-08,2000-02-08,Single Family,Alteration/Renovation,0
Austin,1999-12-29,1999-12-29,Single Family,New Construction,0
Austin,2000-01-28,2000-01-28,Single Family,New Construction,0
Austin,1999-12-23,1999-12-23,Single Family,New Construction,0
Austin,2000-01-19,2000-01-19,Single Family,New Construction,0
Austin,2000-01-04,2000-01-04,Single Family,Alteration/Renovation,0
Austin,2000-01-21,2000-01-21,Single Family,New Construction,0
Austin,2000-02-07,2000-02-07,Single Family,New Construction,0
Austin,2000-02-16,2000-02-16,Single Family,Alteration/Renovation,0
Austin,2000-01-06,2000-01-06,Single Family,Alteration/Renovation,0
Austin,2000-01-10,2000-01-10,Single Family,New Construction,0
Austin,2000-01-19,2000-01-19,Single Family,New Construction,0
Austin,2000-02-01,2000-02-01,Single Family,Alteration/Renovation,0
Austin,2000-02-01,2000-02-01,Single Family,New Construction,0
Austin,2000-01-03,2000-01-03,Single Family,New Construction,0
Austin,2000-01-28,2000-01-28,Single Family,Alteration/Renovation,0
Austin,1999-12-15,1999-12-15,Single Family,New Construction,0
Austin,2000-01-05,2000-01-05,Single Family,Alteration/Renovation,0
Austin,2000-01-04,2000-01-04,Single Family,New Construction,0
Austin,2000-01-03,2000-01-03,Single Family,New Construction,0
Austin,2000-02-16,2000-02-16,Single Family,Alteration/Renovation,0
Austin,2000-02-04,2000-02-04,Single Family,New Construction,0
Austin,2000-02-02,2000-02-02,Single Family,New Construction,0
Austin,1999-12-23,1999-12-23,Single Family,Alteration/Renovation,0
Austin,1999-12-16,1999-12-16,Single Family,Alteration/Renovation,0
Austin,2000-02-07,2000-02-07,Single Family,New Construction,0
Austin,2000-02-07,2000-02-07,Single Family,Alteration/Renovation,0
Austin,2000-01-28,2000-01-28,Single Family,New Construction,0
Austin,2000-01-28,2000-01-28,Multifamily,New Construction,0
Austin,2000-01-10,2000-01-10,Single Family,New Construction,0
Austin,2026-09-15,2026-09-15,Single Family,New Construction,0
Austin,2000-01-06,2000-01-06,Single Family,New Construction,0
Austin,1999-12-15,1999-12-15,Single Family,New Construction,0
Austin,2000-02-09,2000-02-09,Single Family,Alteration/Renovation,0
Austin,1999-12-22,1999-12-22,Single Family,New Construction,0
Austin,2000-01-24,2000-01-24,Single Family,Alteration/Renovation,0
Austin,2000-01-22,2000-01-22,Single Family,New Construction,0
Austin,2000-01-28,2000-01-28,Single Family,New Construction,0
Austin,2000-01-14,2000-01-14,Single Family,New Construction,0
Austin,2000-02-09,2000-02-09,Single Family,New Construction,0
Austin,2000-02-05,2000-02-05,Single Family,New Construction,0
Austin,2000-01-28,2000-01-28,Single Family,New Construction,0
Austin,2000-02-04,2000-02-04,Single Family,Alteration/Renovation,0
Austin,1999-12-14,1999-12-14,Single Family,Alteration/Renovation,0
Austin,2000-01-27,2000-01-27,Single Family,New Construction,0
Austin,2000-01-28,2000-01-28,Single Family,New Construction,0
Austin,2000-01-28,2000-01-28,Single Family,New Construction,0
Austin,1999-12-20,1999-12-20,Single Family,Alteration/Renovation,0
Austin,2000-01-18,2000-01-18,Single Family,New Construction,0
Austin,2000-02-16,2000-02-16,Multifamily,Alteration/Renovation,0
Austin,2000-02-07,2000-02-07,Single Family,Alteration/Renovation,0
Austin,2000-01-27,2000-01-27,Single Family,New Construction,0
Austin,2000-01-12,2000-01-12,Single Family,Alteration/Renovation,0
Austin,2000-01-18,2000-01-18,Single Family,New Construction,0
Austin,2000-02-04,2000-02-04,Single Family,New Construction,0
Austin,2000-01-26,2000-01-26,Single Family,Alteration/Renovation,0
Austin,1999-12-21,1999-12-21,Single Family,Alteration/Renovation,0
Austin,2000-02-02,2000-02-02,Single Family,New Construction,0
Austin,2000-01-10,2000-01-10,Single Family,Alteration/Renovation,0
Austin,2000-02-04,2000-02-04,Single Family,New Construction,0
Austin,2000-01-18,2000-01-18,Single Family,New Construction,0
Austin,2000-01-07,2000-01-07,Single Family,New Construction,0
Austin,1999-12-17,1999-12-17,Single Family,Alteration/Renovation,0
Austin,2000-01-28,2000-01-28,Multifamily,New Construction,0
Austin,2000-01-18,2000-01-18,Single Family,New Construction,0
Austin,2000-01-29,2000-01-29,Single Family,Alteration/Renovation,0
Austin,2000-02-04,2000-02-04,Single Family,Alteration/Renovation,0
Austin,2000-01-13,2000-01-13,Single Family,Alteration/Renovation,0
Austin,1999-12-17,1999-12-17,Single Family,Alteration/Renovation,0
Austin,2000-02-09,2000-02-09,Single Family,Alteration/Renovation,0
Austin,2000-02-16,2000-02-16,Single Family,Alteration/Renovation,0
Austin,2000-01-14,2000-01-14,Single Family,Alteration/Renovation,0
Austin,2000-01-24,2000-01-24,Single Family,Alteration/Renovation,0
Austin,2000-01-20,2000-01-20,Multifamily,New Construction,0
Austin,2000-02-02,2000-02-02,Single Family,Alteration/Renovation,0
Austin,2000-01-31,2000-01-31,Single Family,New Construction,0
Austin,2000-02-08,2000-02-08,Single Family,New Construction,0
Austin,2000-02-17,2000-02-17,Single Family,New Construction,0
Austin,2000-01-07,2000-01-07,Single Family,New Construction,0
Austin,2000-02-03,2000-02-03,Single Family,New Construction,0
Austin,1999-12-29,1999-12-29,Single Family,Alteration/Renovation,0
Austin,1999-12-26,1999-12-26,Single Family,New Construction,0
Austin,2000-01-18,2000-01-18,Single Family,New Construction,0
Austin,2000-02-08,2000-02-08,Single Family,New Construction,0
Austin,2000-01-18,2000-01-18,Single Family,New Construction,0
Austin,2000-01-25,2000-01-25,Single Family,New Construction,0
Austin,2000-01-19,2000-01-19,Single Family,New Construction,0
Austin,2000-02-07,2000-02-07,Single Family,New Construction,0
Austin,2000-01-13,2000-01-13,Single Family,Alteration/Renovation,0
Austin,2000-01-11,2000-01-11,Single Family,New Construction,0
Austin,1999-12-30,1999-12-30,Single Family,New Construction,0
Austin,2000-01-04,2000-01-04,Single Family,Alteration/Renovation,0
Austin,1999-12-15,1999-12-15,Single Family,New Construction,0
Austin,2000-01-13,2000-01-13,Single Family,New Construction,0
Austin,2000-01-26,2000-01-26,Single Family,New Construction,0
Austin,2000-02-18,2000-02-18,Single Family,Alteration/Renovation,0
Austin,2000-02-18,2000-02-18,Single Family,New Construction,0
Austin,2000-02-07,2000-02-07,Single Family,New Construction,0
Austin,2000-02-04,2000-02-04,Single Family,New Construction,0
Austin,1999-12-14,1999-12-14,Single Family,Alteration/Renovation,0
Austin,2000-01-18,2000-01-18,Multifamily,Alteration/Renovation,0
Austin,2000-01-14,2000-01-14,Multifamily,Alteration/Renovation,0
Austin,2000-01-06,2000-01-06,Single Family,New Construction,0
Austin,1999-12-29,1999-12-29,Single Family,Alteration/Renovation,0
Austin,1999-12-15,1999-12-15,Single Family,New Construction,0
Austin,2000-01-12,2000-01-12,Single Family,Alteration/Renovation,0
Austin,2000-02-04,2000-02-04,Single Family,New Construction,0
Austin,2000-01-28,2000-01-28,Single Family,New Construction,0
Austin,2000-02-04,2000-02-04,Single Family,Alteration/Renovation,0
Austin,1999-12-20,1999-12-20,Single Family,New Construction,0
Austin,2000-01-31,2000-01-31,Single Family,New Construction,0
Austin,2000-01-03,2000-01-03,Single Family,Alteration/Renovation,0
Austin,2000-02-16,2000-02-16,Single Family,New Construction,0
Austin,2000-01-21,2000-01-21,Single Family,New Construction,0
Austin,2000-01-19,2000-01-19,Single Family,New Construction,0
Austin,1999-12-22,1999-12-22,Single Family,Alteration/Renovation,0
Austin,2000-01-18,2000-01-18,Single Family,New Construction,0
Austin,2000-02-02,2000-02-02,Single Family,Alteration/Renovation,0
Austin,2000-02-09,2000-02-09,Single Family,Alteration/Renovation,0
Austin,2000-01-28,2000-01-28,Multifamily,New Construction,0
Austin,2000-01-18,2000-01-18,Single Family,Alteration/Renovation,0
Austin,2000-02-15,2000-02-15,Single Family,New Construction,0
Austin,2000-02-09,2000-02-09,Single Family,New Construction,0
Austin,2000-02-07,2000-02-07,Single Family,Alteration/Renovation,0
Austin,2000-01-27,2000-01-27,Single Family,New Construction,0
Austin,2000-01-14,2000-01-14,Single Family,Alteration/Renovation,0
Austin,2000-01-18,2000-01-18,Single Family,New Construction,0
Austin,1999-12-17,1999-12-17,Single Family,Alteration/Renovation,0
Austin,2000-01-18,2000-01-18,Single Family,New Construction,0
Austin,2000-02-04,2000-02-04,Single Family,Alteration/Renovation,0
Austin,1999-12-14,1999-12-14,Single Family,New Construction,0
Austin,2000-02-03,2000-02-03,Single Family,New Construction,0
Austin,2000-01-31,2000-01-31,Single Family,Alteration/Renovation,0
Austin,1999-12-14,1999-12-14,Single Family,New Construction,0
Austin,1999-12-21,1999-12-21,Single Family,Alteration/Renovation,0
Austin,2000-01-05,2000-01-05,Single Family,New Construction,0
Austin,2000-01-14,2000-01-14,Single Family,Alteration/Renovation,0
Austin,2000-02-08,2000-02-08,Single Family,Alteration/Renovation,0
Austin,2000-01-29,2000-01-29,Single Family,New Construction,0
Austin,2000-01-25,2000-01-25,Single Family,New Construction,0
Austin,2000-02-07,2000-02-07,Single Family,New Construction,0
Austin,1999-12-22,1999-12-22,Single Family,Alteration/Renovation,0
Austin,2000-01-29,2000-01-29,Single Family,Alteration/Renovation,0
Austin,2000-01-19,2000-01-19,Single Family,Alteration/Renovation,0
Austin,2000-01-04,2000-01-04,Single Family,Alteration/Renovation,0
Austin,2000-01-03,2000-01-03,Single Family,New Construction,0
Austin,2000-01-03,2000-01-03,Single Family,Alteration/Renovation,0
Austin,2000-02-01,2000-02-01,Single Family,New Construction,0
Austin,2000-01-27,2000-01-27,Single Family,New Construction,0
Austin,2000-01-21,2000-01-21,Single Family,New Construction,0
Austin,2000-01-29,2000-01-29,Single Family,New Construction,0
Austin,1999-12-15,1999-12-15,Single Family,Alteration/Renovation,0
Austin,2000-01-20,2000-01-20,Single Family,New Construction,0
Austin,2000-02-04,2000-02-04,Single Family,Alteration/Renovation,0
Austin,2000-02-01,2000-02-01,Single Family,Alteration/Renovation,0
Austin,2000-02-01,2000-02-01,Single Family,New Construction,0
Austin,2000-01-04,2000-01-04,Single Family,New Construction,0
Austin,2000-02-04,2000-02-04,Single Family,Alteration/Renovation,0
Austin,2000-01-21,2000-01-21,Single Family,Alteration/Renovation,0
Austin,2000-01-24,2000-01-24,Single Family,Alteration/Renovation,0
Austin,2000-01-24,2000-01-24,Single Family,New Construction,0
Austin,2000-02-17,2000-02-17,Single Family,Alteration/Renovation,0
Austin,2000-01-28,2000-01-28,Single Family,New Construction,0
Austin,2000-02-10,2000-02-10,Single Family,New Construction,0
Austin,2000-02-08,2000-02-08,Single Family,New Construction,0
Austin,1999-12-30,1999-12-30,Single Family,Alteration/Renovation,0
Austin,2000-01-07,2000-01-07,Single Family,Alteration/Renovation,0
Austin,2000-01-25,2000-01-25,Single Family,Alteration/Renovation,0
Austin,1999-12-30,1999-12-30,Single Family,Alteration/Renovation,0
Austin,2000-02-03,2000-02-03,Single Family,New Construction,0
Austin,2000-02-01,2000-02-01,Single Family,New Construction,0
Austin,1999-12-14,1999-12-14,Single Family,Alteration/Renovation,0
Austin,2000-02-07,2000-02-07,Single Family,Alteration/Renovation,0
Austin,2000-01-31,2000-01-31,Single Family,Alteration/Renovation,0
Austin,1999-12-22,1999-12-22,Multifamily,New Construction,0
Austin,1999-12-15,1999-12-15,Single Family,New Construction,0
Austin,2000-01-10,2000-01-10,Single Family,New Construction,0
Austin,2000-01-26,2000-01-26,Single Family,New Construction,0
Austin,2000-01-04,2000-01-04,Single Family,Alteration/Renovation,0
Austin,1999-12-28,1999-12-28,Single Family,Alteration/Renovation,0
Austin,2000-01-04,2000-01-04,Single Family,Alteration/Renovation,0
Austin,2000-02-01,2000-02-01,Single Family,Alteration/Renovation,0
Austin,2000-02-18,2000-02-18,Single Family,New Construction,0
Austin,2000-02-15,2000-02-15,Single Family,New Construction,0
Austin,2000-01-14,2000-01-14,Single Family,New Construction,0
Austin,1999-12-29,1999-12-29,Single Family,Alteration/Renovation,0
Austin,2000-01-25,2000-01-25,Single Family,New Construction,0
Austin,2000-01-11,2000-01-11,Single Family,Alteration/Renovation,0
Austin,1999-12-22,1999-12-22,Single Family,New Construction,0
Austin,2000-01-25,2000-01-25,Single Family,New Construction,0
Austin,1999-12-14,1999-12-14,Single Family,New Construction,0
Austin,1999-12-16,1999-12-16,Single Family,Alteration/Renovation,0
Austin,2000-02-04,2000-02-04,Single Family,New Construction,0
Austin,2000-01-12,2000-01-12,Single Family,Alteration/Renovation,0
Austin,2000-01-28,2000-01-28,Multifamily,New Construction,0
Austin,2000-02-04,2000-02-04,Single Family,Alteration/Renovation,0
Austin,2000-01-24,2000-01-24,Single Family,Alteration/Renovation,0
Austin,2000-02-07,2000-02-07,Single Family,New Construction,0
Austin,2000-01-10,2000-01-10,Single Family,New Construction,0
Austin,2000-01-27,2000-01-27,Single Family,New Construction,0
Austin,1999-12-22,1999-12-22,Single Family,Alteration/Renovation,0
Austin,2000-01-20,2000-01-20,Multifamily,New Construction,0
Austin,1999-12-15,1999-12-15,Single Family,New Construction,0
Austin,2000-02-07,2000-02-07,Single Family,New Construction,0
Austin,2000-02-07,2000-02-07,Single Family,Alteration/Renovation,0
Austin,2000-01-26,2000-01-26,Single Family,Alteration/Renovation,0
Austin,1999-12-22,1999-12-22,Single Family,New Construction,0
Austin,1999-12-26,1999-12-26,Single Family,New Construction,0
Austin,1999-12-20,1999-12-20,Single Family,New Construction,0
Austin,2000-01-31,2000-01-31,Single Family,Alteration/Renovation,0
Austin,2000-02-04,2000-02-04,Single Family,New Construction,0
Austin,2000-01-21,2000-01-21,Single Family,New Construction,0
Austin,2000-01-06,2000-01-06,Single Family,New Construction,0
Austin,2000-01-13,2000-01-13,Single Family,Alteration/Renovation,0
Austin,2000-01-10,2000-01-10,Single Family,New Construction,0
Austin,2000-02-01,2000-02-01,Single Family,New Construction,0
Austin,2000-01-10,2000-01-10,Single Family,New Construction,0
Austin,2000-02-09,2000-02-09,Single Family,New Construction,0
Austin,2000-02-08,2000-02-08,Single Family,Alteration/Renovation,0
Austin,2000-02-17,2000-02-17,Single Family,New Construction,0
Austin,2000-01-07,2000-01-07,Single Family,Alteration/Renovation,0
Austin,2000-01-26,2000-01-26,Single Family,Alteration/Renovation,0
Austin,2000-02-03,2000-02-03,Single Family,New Construction,0
Austin,2000-02-22,2000-02-22,Single Family,New Construction,0
Austin,2000-02-03,2000-02-03,Single Family,New Construction,0
Austin,2000-01-26,2000-01-26,Single Family,Alteration/Renovation,0
Austin,2000-01-10,2000-01-10,Single Family,Alteration/Renovation,0
Austin,2000-02-03,2000-02-03,Single Family,New Construction,0
Austin,2000-01-07,2000-01-07,Single Family,New Construction,0
Austin,1999-12-14,1999-12-14,Single Family,New Construction,0
Austin,2000-01-06,2000-01-06,Single Family,New Construction,0
Austin,2000-02-07,2000-02-07,Single Family,New Construction,0
Austin,2000-02-18,2000-02-18,Single Family,Alteration/Renovation,0
Austin,2000-01-27,2000-01-27,Single Family,New Construction,0
Austin,2000-01-21,2000-01-21,Single Family,Alteration/Renovation,0
Austin,1999-12-28,1999-12-28,Single Family,Alteration/Renovation,0
Austin,2000-01-11,2000-01-11,Single Family,New Construction,0
Austin,2000-02-02,2000-02-02,Single Family,New Construction,0
Austin,2000-01-18,2000-01-18,Single Family,New Construction,0
Austin,1999-12-29,1999-12-29,Single Family,New Construction,0
Austin,2000-02-03,2000-02-03,Single Family,New Construction,0
Austin,2000-02-08,2000-02-08,Single Family,New Construction,0
Austin,2000-01-19,2000-01-19,Single Family,New Construction,0
Austin,1999-12-22,1999-12-22,Single Family,New Construction,0
Austin,2000-01-14,2000-01-14,Single Family,New Construction,0
Austin,2000-02-17,2000-02-17,Single Family,New Construction,0
Austin,2000-02-01,2000-02-01,Single Family,New Construction,0
Austin,2000-01-20,2000-01-20,Single Family,New Construction,0
Austin,2000-01-26,2000-01-26,Single Family,Alteration/Renovation,0
Austin,2000-01-26,2000-01-26,Single Family,Alteration/Renovation,0
Austin,2000-02-22,2000-02-22,Single Family,New Construction,0
Austin,2000-02-07,2000-02-07,Single Family,Alteration/Renovation,0
Austin,2000-01-26,2000-01-26,Single Family,New Construction,0
Austin,2000-01-05,2000-01-05,Single Family,Alteration/Renovation,0
Austin,2000-02-02,2000-02-02,Single Family,Alteration/Renovation,0
Austin,1999-12-17,1999-12-17,Single Family,Alteration/Renovation,0
Austin,2000-01-11,2000-01-11,Single Family,New Construction,0
Austin,2000-02-17,2000-02-17,Single Family,New Construction,0
Austin,1999-12-17,1999-12-17,Single Family,Alteration/Renovation,0
Austin,2000-01-25,2000-01-25,Single Family,Alteration/Renovation,0
Austin,2000-01-27,2000-01-27,Single Family,New Construction,0
Austin,2000-01-18,2000-01-18,Single Family,New Construction,0
Austin,2000-02-18,2000-02-18,Single Family,New Construction,0
Austin,1999-12-20,1999-12-20,Single Family,New Construction,0
Austin,2000-01-12,2000-01-12,Single Family,Alteration/Renovation,0
Austin,2000-01-21,2000-01-21,Single Family,Alteration/Renovation,0
Austin,1999-12-29,1999-12-29,Single Family,New Construction,0
Austin,1999-12-20,1999-12-20,Single Family,New Construction,0
Austin,2000-01-18,2000-01-18,Single Family,Alteration/Renovation,0
Austin,1999-12-13,1999-12-13,Single Family,New Construction,0
Austin,2000-01-06,2000-01-06,Single Family,Alteration/Renovation,0
Austin,1999-12-15,1999-12-15,Single Family,Alteration/Renovation,0
Austin,2000-01-22,2000-01-22,Single Family,New Construction,0
Austin,2000-01-05,2000-01-05,Single Family,New Construction,0
Austin,2000-01-04,2000-01-04,Multifamily,New Construction,0
Austin,2000-02-15,2000-02-15,Single Family,Alteration/Renovation,0
Austin,1999-12-20,1999-12-20,Single Family,New Construction,0
Austin,2000-01-18,2000-01-18,Single Family,Alteration/Renovation,0
Austin,2000-02-18,2000-02-18,Single Family,New Construction,0
Austin,2000-02-08,2000-02-08,Multifamily,Alteration/Renovation,0
Austin,2000-01-13,2000-01-13,Single Family,Alteration/Renovation,0
Austin,2000-01-14,2000-01-14,Single Family,Alteration/Renovation,0
Austin,2000-01-21,2000-01-21,Multifamily,New Construction,0
Austin,2000-02-15,2000-02-15,Single Family,New Construction,0
Austin,2000-02-02,2000-02-02,Single Family,Alteration/Renovation,0
Austin,2000-01-14,2000-01-14,Single Family,Alteration/Renovation,0
Austin,1999-12-15,1999-12-15,Single Family,New Construction,0
Austin,2000-02-09,2000-02-09,Single Family,Alteration/Renovation,0
Austin,2000-01-26,2000-01-26,Single Family,New Construction,0
Austin,2000-01-12,2000-01-12,Single Family,Alteration/Renovation,0
Austin,2000-02-16,2000-02-16,Single Family,New Construction,0
Austin,1999-12-30,1999-12-30,Single Family,New Construction,0
Austin,1999-12-21,1999-12-21,Single Family,New Construction,0
Austin,2000-02-07,2000-02-07,Single Family,New Construction,0
Austin,2000-01-28,2000-01-28,Multifamily,New Construction,0
Austin,2000-01-19,2000-01-19,Single Family,New Construction,0
Austin,2000-01-21,2000-01-21,Single Family,Alteration/Renovation,0
Austin,2000-02-16,2000-02-16,Single Family,New Construction,0
Austin,2000-01-12,2000-01-12,Single Family,Alteration/Renovation,0
Austin,1999-12-15,1999-12-15,Single Family,New Construction,0
Austin,1999-12-27,1999-12-27,Single Family,Alteration/Renovation,0
Austin,1999-12-27,1999-12-27,Single Family,Alteration/Renovation,0
Austin,2000-01-24,2000-01-24,Single Family,New Construction,0
Austin,1999-12-17,1999-12-17,Single Family,Alteration/Renovation,0
Austin,2000-02-08,2000-02-08,Single Family,New Construction,0
Austin,2000-01-22,2000-01-22,Single Family,New Construction,0
Austin,2000-01-21,2000-01-21,Single Family,Alteration/Renovation,0
Austin,1999-12-14,1999-12-14,Single Family,Alteration/Renovation,0
Austin,2000-01-22,2000-01-22,Single Family,Alteration/Renovation,0
Austin,2000-01-24,2000-01-24,Multifamily,Alteration/Renovation,0
Austin,2000-01-06,2000-01-06,Single Family,Alteration/Renovation,0
Austin,2000-01-05,2000-01-05,Single Family,Alteration/Renovation,0
Austin,2000-02-08,2000-02-08,Single Family,Alteration/Renovation,0
Austin,2000-02-04,2000-02-04,Multifamily,Alteration/Renovation,0
Austin,2000-01-11,2000-01-11,Single Family,New Construction,0
Austin,2000-02-18,2000-02-18,Single Family,New Construction,0
Austin,2000-02-17,2000-02-17,Single Family,New Construction,0
Austin,2000-02-03,2000-02-03,Single Family,New Construction,0
Austin,2000-01-07,2000-01-07,Single Family,New Construction,0
Austin,2000-02-16,2000-02-16,Single Family,Alteration/Renovation,0
Austin,2000-02-18,2000-02-18,Single Family,New Construction,0
Austin,2000-01-11,2000-01-11,Single Family,New Construction,0
Austin,1999-12-14,1999-12-14,Single Family,Alteration/Renovation,0
Austin,2000-01-27,2000-01-27,Single Family,New Construction,0
Austin,2000-02-03,2000-02-03,Single Family,Alteration/Renovation,0
Austin,2000-01-11,2000-01-11,Single Family,Alteration/Renovation,0
Austin,2000-01-25,2000-01-25,Single Family,Alteration/Renovation,0
Austin,2000-02-02,2000-02-02,Multifamily,New Construction,0
Austin,2000-01-11,2000-01-11,Single Family,New Construction,0
Austin,2000-01-14,2000-01-14,Single Family,New Construction,0
Austin,2000-01-13,2000-01-13,Single Family,Alteration/Renovation,0
Austin,2000-02-08,2000-02-08,Single Family,New Construction,0
Austin,1999-12-17,1999-12-17,Single Family,New Construction,0
Austin,2000-01-07,2000-01-07,Single Family,Alteration/Renovation,0
Austin,1999-12-20,1999-12-20,Single Family,New Construction,0
Austin,2000-02-04,2000-02-04,Single Family,New Construction,0
Austin,2000-02-07,2000-02-07,Single Family,New Construction,0
Austin,2000-01-18,2000-01-18,Single Family,New Construction,0
Austin,2000-01-21,2000-01-21,Single Family,New Construction,0
Austin,2000-01-14,2000-01-14,Single Family,Alteration/Renovation,0
Austin,2000-01-05,2000-01-05,Single Family,Alteration/Renovation,0
Austin,2000-01-20,2000-01-20,Multifamily,New Construction,0
Austin,2000-01-25,2000-01-25,Single Family,New Construction,0
Austin,2000-02-07,2000-02-07,Single Family,New Construction,0
Austin,2000-01-10,2000-01-10,Single Family,New Construction,0
Austin,2000-02-07,2000-02-07,Single Family,Alteration/Renovation,0
Austin,2000-01-11,2000-01-11,Single Family,Alteration/Renovation,0
Austin,2000-01-31,2000-01-31,Single Family,Alteration/Renovation,0
Austin,2000-01-20,2000-01-20,Multifamily,New Construction,0
Austin,2000-01-03,2000-01-03,Single Family,New Construction,0
Austin,2000-01-04,2000-01-04,Single Family,New Construction,0
Austin,2000-01-21,2000-01-21,Single Family,New Construction,0
Austin,2000-02-16,2000-02-16,Single Family,Alteration/Renovation,0
Austin,1999-12-15,1999-12-15,Single Family,New Construction,0
Austin,2000-02-04,2000-02-04,Single Family,New Construction,0
Austin,2000-01-04,2000-01-04,Single Family,Alteration/Renovation,0
Austin,2000-01-06,2000-01-06,Single Family,Alteration/Renovation,0
Austin,1999-12-20,1999-12-20,Single Family,New Construction,0
Austin,2000-02-18,2000-02-18,Single Family,New Construction,0
Austin,2000-01-31,2000-01-31,Single Family,Alteration/Renovation,0
Austin,2000-01-31,2000-01-31,Single Family,New Construction,0
Austin,2000-02-18,2000-02-18,Single Family,Alteration/Renovation,0
Austin,2000-01-11,2000-01-11,Single Family,New Construction,0
Austin,2000-02-02,2000-02-02,Single Family,Alteration/Renovation,0
Austin,2000-01-14,2000-01-14,Single Family,Alteration/Renovation,0
Austin,1999-12-21,1999-12-21,Single Family,New Construction,0
Austin,2000-01-24,2000-01-24,Single Family,New Construction,0
Austin,2000-01-07,2000-01-07,Single Family,New Construction,0
Austin,2000-01-28,2000-01-28,Multifamily,New Construction,0
Austin,2000-01-21,2000-01-21,Single Family,Alteration/Renovation,0
Austin,2000-02-17,2000-02-17,Single Family,Alteration/Renovation,0
Austin,2000-01-04,2000-01-04,Single Family,Alteration/Renovation,0
Austin,1999-12-17,1999-12-17,Single Family,Alteration/Renovation,0
Austin,2000-01-14,2000-01-14,Single Family,Alteration/Renovation,0
Austin,2000-01-03,2000-01-03,Single Family,New Construction,0
Austin,2000-01-04,2000-01-04,Multifamily,New Construction,0
Austin,2000-02-04,2000-02-04,Single Family,Alteration/Renovation,0
Austin,1999-12-27,1999-12-27,Single Family,Alteration/Renovation,0
Austin,2000-02-08,2000-02-08,Single Family,New Construction,0
Austin,2000-02-22,2000-02-22,Single Family,Alteration/Renovation,0
Austin,2000-01-18,2000-01-18,Single Family,Alteration/Renovation,0
Austin,2000-01-20,2000-01-20,Multifamily,New Construction,0
Austin,1999-12-21,1999-12-21,Single Family,New Construction,0
Austin,2000-02-16,2000-02-16,Single Family,Alteration/Renovation,0
Austin,1999-12-22,1999-12-22,Single Family,New Construction,0
Austin,2000-02-09,2000-02-09,Single Family,New Construction,0
Austin,2000-01-27,2000-01-27,Single Family,New Construction,0
Austin,2000-01-06,2000-01-06,Single Family,New Construction,0
Austin,2000-01-21,2000-01-21,Multifamily,New Construction,0
Austin,1999-12-15,1999-12-15,Single Family,New Construction,0
Austin,2000-01-03,2000-01-03,Single Family,Alteration/Renovation,0
Austin,2000-01-25,2000-01-25,Single Family,Alteration/Renovation,0
Austin,2000-02-07,2000-02-07,Single Family,New Construction,0
Austin,2000-01-22,2000-01-22,Single Family,Alteration/Renovation,0
Austin,2000-01-07,2000-01-07,Single Family,Alteration/Renovation,0
Austin,2000-01-12,2000-01-12,Single Family,New Construction,0
Austin,2000-02-02,2000-02-02,Single Family,Alteration/Renovation,0
Austin,2000-02-18,2000-02-18,Single Family,Alteration/Renovation,0
Austin,2000-02-03,2000-02-03,Single Family,Alteration/Renovation,0
Austin,2000-02-16,2000-02-16,Single Family,New Construction,0
Austin,2000-01-10,2000-01-10,Single Family,New Construction,0
Austin,1999-12-17,1999-12-17,Single Family,Alteration/Renovation,0
Austin,1999-12-20,1999-12-20,Single Family,Alteration/Renovation,0
Austin,2000-01-18,2000-01-18,Single Family,New Construction,0
Austin,2000-02-09,2000-02-09,Single Family,New Construction,0
Austin,1999-12-13,1999-12-13,Single Family,Alteration/Renovation,0
Austin,2000-01-18,2000-01-18,Single Family,New Construction,0
Austin,2000-01-25,2000-01-25,Single Family,Alteration/Renovation,0
Austin,1999-12-22,1999-12-22,Single Family,New Construction,0
Austin,2000-01-10,2000-01-10,Single Family,New Construction,0
Austin,2000-01-18,2000-01-18,Single Family,New Construction,0
Austin,1999-12-14,1999-12-14,Single Family,New Construction,0
Austin,2000-02-08,2000-02-08,Single Family,Alteration/Renovation,0
Austin,2000-02-09,2000-02-09,Single Family,New Construction,0
Austin,1999-12-21,1999-12-21,Single Family,Alteration/Renovation,0
Austin,2000-01-27,2000-01-27,Single Family,Alteration/Renovation,0
Austin,2000-02-07,2000-02-07,Single Family,Alteration/Renovation,0
Austin,2000-02-16,2000-02-16,Single Family,New Construction,0
Austin,2000-01-10,2000-01-10,Single Family,New Construction,0
Austin,2000-01-11,2000-01-11,Single Family,Alteration/Renovation,0
Austin,2000-02-03,2000-02-03,Single Family,New Construction,0
Austin,2000-01-19,2000-01-19,Single Family,New Construction,0
Austin,2000-01-28,2000-01-28,Single Family,New Construction,0
Austin,2000-01-24,2000-01-24,Single Family,Alteration/Renovation,0
Austin,2000-01-27,2000-01-27,Single Family,New Construction,0
Austin,1999-12-27,1999-12-27,Single Family,New Construction,0
Austin,2000-01-06,2000-01-06,Single Family,Alteration/Renovation,0
Austin,2000-01-10,2000-01-10,Single Family,New Construction,0
Austin,2000-01-29,2000-01-29,Single Family,New Construction,0
Austin,1999-12-30,1999-12-30,Single Family,Alteration/Renovation,0
Austin,1999-12-29,1999-12-29,Single Family,Alteration/Renovation,0
Austin,1999-12-20,1999-12-20,Single Family,Alteration/Renovation,0
Austin,2000-01-05,2000-01-05,Single Family,New Construction,0
Austin,1999-12-30,1999-12-30,Single Family,Alteration/Renovation,0
Austin,2000-02-10,2000-02-10,Single Family,New Construction,0
Austin,2000-02-03,2000-02-03,Single Family,New Construction,0
Austin,2000-01-31,2000-01-31,Single Family,Alteration/Renovation,0
Austin,2000-01-28,2000-01-28,Single Family,Alteration/Renovation,0
Austin,2000-01-28,2000-01-28,Single Family,Alteration/Renovation,0
Austin,2000-02-16,2000-02-16,Single Family,Alteration/Renovation,0
Austin,2000-02-01,2000-02-01,Single Family,New Construction,0
Austin,2000-01-10,2000-01-10,Single Family,New Construction,0
Austin,2000-02-15,2000-02-15,Single Family,Alteration/Renovation,0
Austin,2000-01-12,2000-01-12,Single Family,New Construction,0
Austin,2000-02-03,2000-02-03,Single Family,New Construction,0
Austin,2000-01-10,2000-01-10,Single Family,New Construction,0
Austin,1999-12-22,1999-12-22,Single Family,Alteration/Renovation,0
Austin,1999-12-23,1999-12-23,Single Family,Alteration/Renovation,0
Austin,2000-01-06,2000-01-06,Single Family,New Construction,0
Austin,2000-02-02,2000-02-02,Single Family,New Construction,0
Austin,1999-12-15,1999-12-15,Single Family,Alteration/Renovation,0
Austin,2000-02-16,2000-02-16,Single Family,New Construction,0
Austin,2000-01-03,2000-01-03,Single Family,New Construction,0
Austin,2000-01-26,2000-01-26,Single Family,Alteration/Renovation,0
Austin,2000-01-24,2000-01-24,Single Family,New Construction,0
Austin,2000-01-31,2000-01-31,Single Family,Alteration/Renovation,0
Austin,1999-12-17,1999-12-17,Single Family,Alteration/Renovation,0
Austin,1999-12-14,1999-12-14,Single Family,Alteration/Renovation,0
Austin,2000-02-01,2000-02-01,Single Family,Alteration/Renovation,0
Austin,2000-02-01,2000-02-01,Single Family,Alteration/Renovation,0
Austin,2000-01-06,2000-01-06,Single Family,Alteration/Renovation,0
Austin,2000-01-29,2000-01-29,Single Family,Alteration/Renovation,0
Austin,2000-01-07,2000-01-07,Single Family,Alteration/Renovation,0
Austin,2000-01-13,2000-01-13,Single Family,Alteration/Renovation,0
Austin,2000-01-20,2000-01-20,Multifamily,New Construction,0
Austin,2000-02-04,2000-02-04,Single Family,Alteration/Renovation,0
Austin,1999-12-20,1999-12-20,Single Family,New Construction,0
Austin,1999-12-22,1999-12-22,Single Family,New Construction,0
Austin,2000-01-21,2000-01-21,Single Family,New Construction,0
Austin,2000-01-28,2000-01-28,Single Family,New Construction,0
Austin,2000-01-29,2000-01-29,Single Family,Alteration/Renovation,0
Austin,2000-01-31,2000-01-31,Single Family,New Construction,0
Austin,2000-02-03,2000-02-03,Single Family,New Construction,0
Austin,2000-01-27,2000-01-27,Single Family,New Construction,0
Austin,2000-02-07,2000-02-07,Single Family,New Construction,0
Austin,2000-02-04,2000-02-04,Single Family,New Construction,0
Austin,2000-02-15,2000-02-15,Single Family,New Construction,0
Austin,2000-01-18,2000-01-18,Single Family,New Construction,0
Austin,2000-01-29,2000-01-29,Single Family,Alteration/Renovation,0
Austin,2000-01-18,2000-01-18,Single Family,New Construction,0
Austin,2000-01-18,2000-01-18,Single Family,Alteration/Renovation,0
Austin,2000-01-05,2000-01-05,Single Family,Alteration/Renovation,0
Austin,2000-01-10,2000-01-10,Single Family,New Construction,0
Austin,2000-01-26,2000-01-26,Single Family,New Construction,0
Austin,1999-12-17,1999-12-17,Single Family,New Construction,0
Austin,2000-02-01,2000-02-01,Single Family,New Construction,0
Austin,2000-01-19,2000-01-19,Single Family,New Construction,0
Austin,2000-01-10,2000-01-10,Single Family,Alteration/Renovation,0
Austin,2000-02-02,2000-02-02,Single Family,New Construction,0
Austin,1999-12-14,1999-12-14,Single Family,Alteration/Renovation,0
Austin,2000-01-06,2000-01-06,Single Family,New Construction,0
Austin,2000-02-02,2000-02-02,Single Family,Alteration/Renovation,0
Austin,2000-01-24,2000-01-24,Single Family,Alteration/Renovation,0
Austin,2000-01-27,2000-01-27,Single Family,Alteration/Renovation,0
Austin,2000-01-07,2000-01-07,Single Family,New Construction,0
Austin,2000-01-26,2000-01-26,Single Family,New Construction,0
Austin,2000-02-09,2000-02-09,Single Family,Alteration/Renovation,0
Austin,2000-01-12,2000-01-12,Single Family,Alteration/Renovation,0
Austin,2000-02-07,2000-02-07,Single Family,Alteration/Renovation,0
Austin,2000-02-08,2000-02-08,Single Family,New Construction,0
Austin,1999-12-14,1999-12-14,Single Family,New Construction,0
Austin,2000-01-28,2000-01-28,Single Family,New Construction,0
Austin,2000-01-20,2000-01-20,Multifamily,New Construction,0
Austin,2000-02-07,2000-02-07,Single Family,New Construction,0
Austin,1999-12-28,1999-12-28,Single Family,New Construction,0
Austin,2000-02-16,2000-02-16,Single Family,New Construction,0
Austin,2000-01-06,2000-01-06,Single Family,Alteration/Renovation,0
Austin,2000-02-02,2000-02-02,Single Family,New Construction,0
Austin,2000-01-19,2000-01-19,Single Family,New Construction,0
Austin,2000-02-18,2000-02-18,Single Family,Alteration/Renovation,0
Austin,2000-02-09,2000-02-09,Single Family,Alteration/Renovation,0
Austin,2000-01-25,2000-01-25,Single Family,New Construction,0
Austin,2000-01-10,2000-01-10,Single Family,New Construction,0
Austin,2000-01-14,2000-01-14,Single Family,New Construction,0
Austin,1999-12-16,1999-12-16,Single Family,New Construction,0
Austin,2000-02-22,2000-02-22,Single Family,New Construction,0
Austin,2000-02-03,2000-02-03,Single Family,New Construction,0
Austin,2000-01-06,2000-01-06,Single Family,New Construction,0
Austin,2000-02-15,2000-02-15,Single Family,New Construction,0
Austin,2000-02-09,2000-02-09,Single Family,New Construction,0
Austin,2000-01-21,2000-01-21,Single Family,Alteration/Renovation,0
Austin,1999-12-13,1999-12-13,Single Family,Alteration/Renovation,0
Austin,2000-01-18,2000-01-18,Single Family,New Construction,0
Austin,2000-02-01,2000-02-01,Single Family,New Construction,0
Austin,2000-01-24,2000-01-24,Single Family,New Construction,0
Austin,2000-01-04,2000-01-04,Multifamily,New Construction,0
Austin,2000-02-04,2000-02-04,Single Family,New Construction,0
Austin,2000-01-28,2000-01-28,Multifamily,New Construction,0
Austin,2000-01-27,2000-01-27,Single Family,Alteration/Renovation,0
Austin,2000-02-17,2000-02-17,Single Family,Alteration/Renovation,0
Austin,2000-02-07,2000-02-07,Single Family,New Construction,0
Austin,1999-12-22,1999-12-22,Single Family,Alteration/Renovation,0
Austin,1999-12-17,1999-12-17,Single Family,Alteration/Renovation,0
Austin,1999-12-29,1999-12-29,Single Family,New Construction,0
Austin,2000-02-10,2000-02-10,Single Family,Alteration/Renovation,0
Austin,2000-02-01,2000-02-01,Single Family,New Construction,0
Austin,1999-12-30,1999-12-30,Single Family,Alteration/Renovation,0
Austin,2000-02-04,2000-02-04,Single Family,New Construction,0
Austin,2000-01-06,2000-01-06,Single Family,New Construction,0
Austin,2000-02-08,2000-02-08,Single Family,New Construction,0
Austin,1999-12-20,1999-12-20,Single Family,Alteration/Renovation,0
Austin,2000-01-18,2000-01-18,Single Family,Alteration/Renovation,0
Austin,2000-01-18,2000-01-18,Single Family,New Construction,0
Austin,1999-12-15,1999-12-15,Single Family,Alteration/Renovation,0
Austin,2000-01-27,2000-01-27,Single Family,New Construction,0
Austin,2000-01-24,2000-01-24,Single Family,New Construction,0
Austin,2000-01-19,2000-01-19,Single Family,New Construction,0
Austin,2000-01-29,2000-01-29,Single Family,Alteration/Renovation,0
Austin,2000-01-18,2000-01-18,Single Family,Alteration/Renovation,0
Austin,2000-02-03,2000-02-03,Single Family,New Construction,0
Austin,2000-02-07,2000-02-07,Single Family,New Construction,0
Austin,2000-02-08,2000-02-08,Single Family,New Construction,0
Austin,2000-02-09,2000-02-09,Single Family,Alteration/Renovation,0
Austin,2000-02-16,2000-02-16,Single Family,Alteration/Renovation,0
Austin,2000-02-07,2000-02-07,Single Family,Alteration/Renovation,0
Austin,2000-02-03,2000-02-03,Single Family,New Construction,0
Austin,1999-12-21,1999-12-21,Single Family,Alteration/Renovation,0
Austin,2000-02-04,2000-02-04,Single Family,New Construction,0
Austin,2000-01-27,2000-01-27,Single Family,New Construction,0
Austin,1999-12-27,1999-12-27,Single Family,Alteration/Renovation,0
Austin,2000-01-10,2000-01-10,Single Family,New Construction,0
Austin,1999-12-15,1999-12-15,Single Family,New Construction,0
Austin,2000-01-27,2000-01-27,Single Family,New Construction,0
Austin,2000-02-04,2000-02-04,Single Family,Alteration/Renovation,0
Austin,2000-01-21,2000-01-21,Single Family,New Construction,0
Austin,2000-01-26,2000-01-26,Single Family,New Construction,0
Austin,2000-01-19,2000-01-19,Single Family,New Construction,0
Austin,2000-02-03,2000-02-03,Single Family,New Construction,0
Austin,1999-12-29,1999-12-29,Single Family,New Construction,0
Austin,2000-02-09,2000-02-09,Single Family,Alteration/Renovation,0
Austin,2000-01-03,2000-01-03,Single Family,New Construction,0
Austin,2000-01-28,2000-01-28,Multifamily,New Construction,0
Austin,1999-12-16,1999-12-16,Single Family,New Construction,0
Austin,2000-01-18,2000-01-18,Single Family,New Construction,0
Austin,2000-02-03,2000-02-03,Single Family,New Construction,0
Austin,2000-02-03,2000-02-03,Single Family,New Construction,0
Austin,2000-01-25,2000-01-25,Single Family,New Construction,0
Austin,2000-02-03,2000-02-03,Single Family,Alteration/Renovation,0
Austin,2000-01-10,2000-01-10,Single Family,New Construction,0
Austin,2000-02-04,2000-02-04,Single Family,Alteration/Renovation,0
Austin,2000-01-27,2000-01-27,Single Family,Alteration/Renovation,0
Austin,2000-01-25,2000-01-25,Single Family,Alteration/Renovation,0
Austin,2000-01-26,2000-01-26,Single Family,New Construction,0
Austin,2000-01-22,2000-01-22,Single Family,Alteration/Renovation,0
Austin,2000-02-04,2000-02-04,Single Family,Alteration/Renovation,0
Austin,2000-01-20,2000-01-20,Single Family,Alteration/Renovation,0
Austin,1999-12-14,1999-12-14,Single Family,Alteration/Renovation,0
Austin,2000-01-13,2000-01-13,Multifamily,Alteration/Renovation,0
Austin,2000-01-29,2000-01-29,Single Family,New Construction,0
Austin,2000-01-25,2000-01-25,Single Family,New Construction,0
Austin,1999-12-29,1999-12-29,Single Family,New Construction,0
Austin,2000-01-27,2000-01-27,Single Family,Alteration/Renovation,0
Austin,2000-02-01,2000-02-01,Single Family,New Construction,0
Austin,2000-02-04,2000-02-04,Single Family,New Construction,0
Austin,2000-01-04,2000-01-04,Single Family,Alteration/Renovation,0
Austin,1999-12-22,1999-12-22,Single Family,Alteration/Renovation,0
Austin,2000-01-03,2000-01-03,Single Family,Alteration/Renovation,0
Austin,2000-02-07,2000-02-07,Single Family,New Construction,0
Austin,2000-02-10,2000-02-10,Single Family,New Construction,0
Austin,2000-01-18,2000-01-18,Single Family,New Construction,0
Austin,1999-12-30,1999-12-30,Single Family,Alteration/Renovation,0
Austin,1999-12-17,1999-12-17,Single Family,Alteration/Renovation,0
Austin,2000-01-18,2000-01-18,Single Family,New Construction,0
Austin,2000-02-02,2000-02-02,Single Family,New Construction,0
Austin,2000-01-31,2000-01-31,Single Family,New Construction,0
Austin,2000-02-03,2000-02-03,Single Family,New Construction,0
Austin,1999-12-14,1999-12-14,Single Family,New Construction,0
Austin,1999-12-15,1999-12-15,Single Family,Alteration/Renovation,0
Austin,2000-01-25,2000-01-25,Single Family,New Construction,0
Austin,2000-01-28,2000-01-28,Single Family,Alteration/Renovation,0
Austin,1999-12-17,1999-12-17,Single Family,Alteration/Renovation,0
Austin,2000-01-28,2000-01-28,Multifamily,New Construction,0
Austin,1999-12-27,1999-12-27,Single Family,New Construction,0
Austin,2000-01-10,2000-01-10,Single Family,New Construction,0
Austin,2000-02-05,2000-02-05,Single Family,New Construction,0
Austin,2000-01-31,2000-01-31,Single Family,Alteration/Renovation,0
Austin,2000-01-11,2000-01-11,Single Family,Alteration/Renovation,0
Austin,2000-01-27,2000-01-27,Single Family,Alteration/Renovation,0
Austin,2000-01-27,2000-01-27,Single Family,Alteration/Renovation,0
Austin,2000-02-07,2000-02-07,Single Family,New Construction,0
Austin,2000-02-07,2000-02-07,Single Family,New Construction,0
Austin,1999-12-14,1999-12-14,Single Family,New Construction,0
Austin,2000-02-16,2000-02-16,Single Family,New Construction,0
Austin,2000-02-08,2000-02-08,Single Family,New Construction,0
Austin,2000-02-18,2000-02-18,Single Family,New Construction,0
Austin,2000-02-08,2000-02-08,Single Family,New Construction,0
Austin,2000-01-27,2000-01-27,Single Family,New Construction,0
Austin,2000-01-18,2000-01-18,Single Family,New Construction,0
Austin,2000-01-11,2000-01-11,Single Family,New Construction,0
Austin,2000-01-20,2000-01-20,Single Family,Alteration/Renovation,0
Austin,2000-01-06,2000-01-06,Single Family,Alteration/Renovation,0
Austin,2000-01-21,2000-01-21,Single Family,Alteration/Renovation,0
Austin,2000-01-05,2000-01-05,Single Family,Alteration/Renovation,0
Austin,2000-01-10,2000-01-10,Single Family,New Construction,0
Austin,2000-01-19,2000-01-19,Single Family,Alteration/Renovation,0
Austin,2000-01-31,2000-01-31,Single Family,New Construction,0
Austin,2000-01-27,2000-01-27,Single Family,Alteration/Renovation,0
Austin,1999-12-14,1999-12-14,Single Family,Alteration/Renovation,0
Austin,2000-02-09,2000-02-09,Single Family,Alteration/Renovation,0
Austin,2000-01-27,2000-01-27,Single Family,New Construction,0
Austin,2000-01-04,2000-01-04,Single Family,New Construction,0
Austin,2000-02-01,2000-02-01,Single Family,New Construction,0
Austin,2000-02-22,2000-02-22,Single Family,Alteration/Renovation,0
Austin,2000-01-14,2000-01-14,Single Family,New Construction,0
Austin,1999-12-21,1999-12-21,Single Family,Alteration/Renovation,0
Austin,2000-01-07,2000-01-07,Single Family,Alteration/Renovation,0
Austin,1999-12-14,1999-12-14,Single Family,Alteration/Renovation,0
Austin,1999-12-21,1999-12-21,Single Family,Alteration/Renovation,0
Austin,2000-01-31,2000-01-31,Single Family,Alteration/Renovation,0
Austin,2000-02-18,2000-02-18,Single Family,New Construction,0
Austin,2000-01-12,2000-01-12,Single Family,New Construction,0
Austin,1999-12-22,1999-12-22,Single Family,Alteration/Renovation,0
Austin,2000-01-31,2000-01-31,Single Family,New Construction,0
Austin,2000-01-11,2000-01-11,Single Family,Alteration/Renovation,0
Austin,2000-02-08,2000-02-08,Single Family,New Construction,0
Austin,2000-02-01,2000-02-01,Single Family,New Construction,0
Austin,2000-01-25,2000-01-25,Single Family,New Construction,0
Austin,2000-01-11,2000-01-11,Single Family,New Construction,0
Austin,2000-01-18,2000-01-18,Single Family,New Construction,0
Austin,2000-02-01,2000-02-01,Single Family,Alteration/Renovation,0
Austin,1999-12-16,1999-12-16,Single Family,Alteration/Renovation,0
Austin,1999-12-20,1999-12-20,Single Family,New Construction,0
Austin,2000-01-21,2000-01-21,Single Family,Alteration/Renovation,0
Austin,1999-12-29,1999-12-29,Single Family,New Construction,0
Austin,2000-01-18,2000-01-18,Single Family,Alteration/Renovation,0
Austin,2000-02-16,2000-02-16,Single Family,Alteration/Renovation,0
Austin,2000-02-03,2000-02-03,Single Family,Alteration/Renovation,0
Austin,2000-01-03,2000-01-03,Single Family,New Construction,0
Austin,2000-01-14,2000-01-14,Single Family,New Construction,0
Austin,2000-01-21,2000-01-21,Single Family,Alteration/Renovation,0
Austin,2000-01-20,2000-01-20,Single Family,Alteration/Renovation,0
Austin,2000-01-25,2000-01-25,Single Family,New Construction,0
Austin,2000-01-12,2000-01-12,Single Family,New Construction,0
Austin,2000-01-25,2000-01-25,Single Family,New Construction,0
Austin,2000-01-18,2000-01-18,Single Family,Alteration/Renovation,0
Austin,2000-01-31,2000-01-31,Single Family,New Construction,0
Austin,2000-01-27,2000-01-27,Single Family,New Construction,0
Austin,2000-02-02,2000-02-02,Single Family,New Construction,0
Austin,2000-01-05,2000-01-05,Single Family,Alteration/Renovation,0
Austin,2000-01-26,2000-01-26,Single Family,New Construction,0
Austin,2000-02-04,2000-02-04,Single Family,New Construction,0
Austin,2000-02-02,2000-02-02,Single Family,Alteration/Renovation,0
Austin,1999-12-20,1999-12-20,Single Family,New Construction,0
Austin,2000-01-20,2000-01-20,Single Family,New Construction,0
Austin,2000-01-05,2000-01-05,Single Family,Alteration/Renovation,0
Austin,2000-01-22,2000-01-22,Single Family,New Construction,0
Austin,2000-01-12,2000-01-12,Single Family,Alteration/Renovation,0
Austin,2000-02-02,2000-02-02,Single Family,New Construction,0
Austin,2026-09-11,2026-09-11,Single Family,New Construction,0
Austin,1999-12-22,1999-12-22,Single Family,New Construction,0
Austin,1999-12-29,1999-12-29,Single Family,New Construction,0
Austin,2000-01-11,2000-01-11,Single Family,Alteration/Renovation,0
Austin,2000-01-21,2000-01-21,Single Family,Alteration/Renovation,0
Austin,2000-01-31,2000-01-31,Single Family,Alteration/Renovation,0
Austin,2000-02-22,2000-02-22,Single Family,Alteration/Renovation,0
Austin,2000-02-09,2000-02-09,Single Family,New Construction,0
Austin,1999-12-15,1999-12-15,Single Family,Alteration/Renovation,0
Austin,2000-01-22,2000-01-22,Single Family,New Construction,0
Austin,2000-01-07,2000-01-07,Multifamily,New Construction,0
Austin,2000-01-04,2000-01-04,Multifamily,New Construction,0
Austin,2000-01-13,2000-01-13,Single Family,New Construction,0
Austin,2000-01-24,2000-01-24,Single Family,Alteration/Renovation,0
Austin,2000-01-14,2000-01-14,Single Family,New Construction,0
Austin,2000-01-28,2000-01-28,Single Family,Alteration/Renovation,0
Austin,2000-01-10,2000-01-10,Single Family,Alteration/Renovation,0
Austin,1999-12-14,1999-12-14,Single Family,New Construction,0
Austin,2000-01-20,2000-01-20,Single Family,Alteration/Renovation,0
Austin,2000-01-29,2000-01-29,Single Family,New Construction,0
Austin,2000-01-12,2000-01-12,Single Family,New Construction,0
Austin,2000-02-17,2000-02-17,Single Family,New Construction,0
Austin,1999-12-14,1999-12-14,Single Family,Alteration/Renovation,0
Austin,2000-01-25,2000-01-25,Single Family,New Construction,0
Austin,2000-01-22,2000-01-22,Single Family,New Construction,0
Austin,2000-01-21,2000-01-21,Single Family,Alteration/Renovation,0
Austin,2000-01-21,2000-01-21,Single Family,New Construction,0
Austin,2000-02-16,2000-02-16,Single Family,Alteration/Renovation,0
Austin,2000-02-15,2000-02-15,Single Family,New Construction,0
Austin,2000-01-12,2000-01-12,Single Family,New Construction,0
Austin,2000-02-01,2000-02-01,Single Family,Alteration/Renovation,0
Austin,2000-02-04,2000-02-04,Single Family,New Construction,0
Austin,2000-02-02,2000-02-02,Single Family,Alteration/Renovation,0
Austin,2000-01-28,2000-01-28,Single Family,Alteration/Renovation,0
Austin,2000-01-21,2000-01-21,Single Family,New Construction,0
Austin,2000-01-11,2000-01-11,Single Family,Alteration/Renovation,0
Austin,1999-12-27,1999-12-27,Single Family,New Construction,0
Austin,2000-02-03,2000-02-03,Single Family,Alteration/Renovation,0
Austin,1999-12-30,1999-12-30,Single Family,Alteration/Renovation,0
Austin,2000-01-03,2000-01-03,Single Family,New Construction,0
Austin,2000-01-12,2000-01-12,Single Family,New Construction,0
Austin,2000-01-21,2000-01-21,Single Family,Alteration/Renovation,0
Austin,2000-01-19,2000-01-19,Single Family,New Construction,0
Austin,1999-12-15,1999-12-15,Single Family,New Construction,0
Austin,2000-01-19,2000-01-19,Single Family,New Construction,0
Austin,2000-02-18,2000-02-18,Single Family,Alteration/Renovation,0
Austin,2000-02-04,2000-02-04,Single Family,Alteration/Renovation,0
Austin,2000-01-18,2000-01-18,Single Family,Alteration/Renovation,0
Austin,2000-01-10,2000-01-10,Single Family,New Construction,0
Austin,2000-01-18,2000-01-18,Single Family,New Construction,0
Austin,2000-01-12,2000-01-12,Single Family,Alteration/Renovation,0
Austin,2000-01-26,2000-01-26,Single Family,Alteration/Renovation,0
Austin,2000-01-03,2000-01-03,Single Family,Alteration/Renovation,0
Austin,2000-01-25,2000-01-25,Single Family,New Construction,0
Austin,2000-02-03,2000-02-03,Single Family,New Construction,0
Austin,2026-09-11,2026-09-11,Single Family,New Construction,0
Austin,2000-01-14,2000-01-14,Single Family,New Construction,0
Austin,2000-02-22,2000-02-22,Single Family,New Construction,0
Austin,2000-02-01,2000-02-01,Single Family,New Construction,0
Austin,1999-12-23,1999-12-23,Single Family,Alteration/Renovation,0
Austin,1999-12-21,1999-12-21,Multifamily,Alteration/Renovation,0
Austin,2000-01-12,2000-01-12,Single Family,Alteration/Renovation,0
Austin,2000-02-18,2000-02-18,Single Family,New Construction,0
Austin,2000-02-17,2000-02-17,Single Family,Alteration/Renovation,0
Austin,2000-02-18,2000-02-18,Single Family,New Construction,0
Austin,2000-01-31,2000-01-31,Single Family,Alteration/Renovation,0
Austin,2000-01-25,2000-01-25,Single Family,New Construction,0
Austin,1999-12-23,1999-12-23,Single Family,Alteration/Renovation,0
Austin,2000-01-14,2000-01-14,Single Family,Alteration/Renovation,0
Austin,2000-02-04,2000-02-04,Single Family,New Construction,0
Austin,2000-01-18,2000-01-18,Single Family,Alteration/Renovation,0
Austin,2000-02-18,2000-02-18,Single Family,Alteration/Renovation,0
Austin,2000-02-18,2000-02-18,Single Family,New Construction,0
Austin,1999-12-29,1999-12-29,Single Family,New Construction,0
Austin,2000-01-03,2000-01-03,Single Family,Alteration/Renovation,0
Austin,2000-01-24,2000-01-24,Single Family,Alteration/Renovation,0
Austin,2000-02-04,2000-02-04,Single Family,New Construction,0
Austin,2000-01-11,2000-01-11,Single Family,Alteration/Renovation,0
Austin,2000-02-09,2000-02-09,Single Family,Alteration/Renovation,0
Austin,2000-02-22,2000-02-22,Single Family,Alteration/Renovation,0
Austin,2000-01-28,2000-01-28,Single Family,Alteration/Renovation,0
Austin,2000-02-01,2000-02-01,Single Family,Alteration/Renovation,0
Austin,2000-02-07,2000-02-07,Single Family,New Construction,0
Austin,2000-02-08,2000-02-08,Single Family,Alteration/Renovation,0
Austin,2000-01-07,2000-01-07,Single Family,Alteration/Renovation,0
Austin,2000-01-21,2000-01-21,Single Family,Alteration/Renovation,0
Austin,2000-01-11,2000-01-11,Single Family,New Construction,0
Austin,2000-02-04,2000-02-04,Single Family,New Construction,0
Austin,2000-02-18,2000-02-18,Single Family,New Construction,0
Austin,2000-01-26,2000-01-26,Single Family,New Construction,0
Austin,1999-12-21,1999-12-21,Single Family,Alteration/Renovation,0
Austin,2000-01-27,2000-01-27,Single Family,Alteration/Renovation,0
Austin,2000-01-19,2000-01-19,Single Family,New Construction,0
Austin,2000-01-25,2000-01-25,Single Family,New Construction,0
Austin,2000-01-12,2000-01-12,Single Family,Alteration/Renovation,0
Austin,2000-02-15,2000-02-15,Single Family,Alteration/Renovation,0
Austin,2000-02-01,2000-02-01,Single Family,Alteration/Renovation,0
Austin,2000-01-18,2000-01-18,Single Family,New Construction,0
Austin,2000-02-17,2000-02-17,Single Family,New Construction,0
Austin,1999-12-28,1999-12-28,Single Family,Alteration/Renovation,0
Austin,2000-01-07,2000-01-07,Multifamily,New Construction,0
Austin,1999-12-15,1999-12-15,Single Family,Alteration/Renovation,0
Austin,2000-01-04,2000-01-04,Single Family,Alteration/Renovation,0
Austin,2000-01-07,2000-01-07,Single Family,Alteration/Renovation,0
Austin,2000-01-28,2000-01-28,Single Family,New Construction,0
Austin,2000-01-06,2000-01-06,Single Family,Alteration/Renovation,0
Austin,2000-02-09,2000-02-09,Single Family,New Construction,0
Austin,2000-02-18,2000-02-18,Single Family,Alteration/Renovation,0
Austin,2000-01-13,2000-01-13,Single Family,Alteration/Renovation,0
Austin,2000-01-31,2000-01-31,Single Family,Alteration/Renovation,0
Austin,2026-09-10,2026-09-10,Single Family,New Construction,0
Austin,2000-02-16,2000-02-16,Single Family,New Construction,0
Austin,2000-01-20,2000-01-20,Single Family,Alteration/Renovation,0
Austin,2000-01-12,2000-01-12,Single Family,New Construction,0
Austin,2000-01-05,2000-01-05,Single Family,New Construction,0
Austin,2000-01-18,2000-01-18,Single Family,New Construction,0
Austin,2000-01-21,2000-01-21,Single Family,New Construction,0
Austin,2000-02-17,2000-02-17,Single Family,New Construction,0
Austin,2000-01-04,2000-01-04,Single Family,Alteration/Renovation,0
Austin,2000-02-02,2000-02-02,Single Family,New Construction,0
Austin,2000-01-06,2000-01-06,Single Family,Alteration/Renovation,0
Austin,2000-01-25,2000-01-25,Single Family,New Construction,0
Austin,2000-01-21,2000-01-21,Multifamily,New Construction,0
Austin,2000-01-10,2000-01-10,Single Family,New Construction,0
Austin,2000-02-08,2000-02-08,Single Family,Alteration/Renovation,0
Austin,2000-01-14,2000-01-14,Single Family,New Construction,0
Austin,2000-02-16,2000-02-16,Single Family,New Construction,0
Austin,1999-12-20,1999-12-20,Single Family,Alteration/Renovation,0
Austin,2000-02-03,2000-02-03,Single Family,Alteration/Renovation,0
Austin,1999-12-28,1999-12-28,Single Family,Alteration/Renovation,0
Austin,2000-02-10,2000-02-10,Single Family,New Construction,0
Austin,2000-01-31,2000-01-31,Single Family,Alteration/Renovation,0
Austin,2000-02-09,2000-02-09,Multifamily,Alteration/Renovation,0
Austin,1999-12-23,1999-12-23,Single Family,New Construction,0
Austin,2000-02-02,2000-02-02,Single Family,New Construction,0
Austin,2000-01-20,2000-01-20,Multifamily,New Construction,0
Austin,2000-01-18,2000-01-18,Single Family,New Construction,0
Austin,2000-02-01,2000-02-01,Single Family,New Construction,0
Austin,2000-02-07,2000-02-07,Single Family,New Construction,0
Austin,2000-01-29,2000-01-29,Single Family,New Construction,0
Austin,1999-12-16,1999-12-16,Single Family,Alteration/Renovation,0
Austin,2000-01-25,2000-01-25,Single Family,New Construction,0
Austin,2000-02-07,2000-02-07,Single Family,New Construction,0
Austin,1999-12-28,1999-12-28,Single Family,New Construction,0
Austin,1999-12-17,1999-12-17,Single Family,Alteration/Renovation,0
Austin,1999-12-14,1999-12-14,Single Family,New Construction,0
Austin,1999-12-15,1999-12-15,Single Family,Alteration/Renovation,0
Austin,1999-12-14,1999-12-14,Single Family,New Construction,0
Austin,2000-01-13,2000-01-13,Single Family,New Construction,0
Austin,2000-01-24,2000-01-24,Single Family,Alteration/Renovation,0
Austin,2000-02-04,2000-02-04,Single Family,New Construction,0
Austin,2000-01-20,2000-01-20,Multifamily,New Construction,0
Austin,1999-12-27,1999-12-27,Single Family,Alteration/Renovation,0
Austin,2000-02-17,2000-02-17,Single Family,New Construction,0
Austin,1999-12-21,1999-12-21,Single Family,Alteration/Renovation,0
Austin,2000-02-07,2000-02-07,Single Family,New Construction,0
Austin,2000-01-28,2000-01-28,Single Family,New Construction,0
Austin,2000-02-03,2000-02-03,Single Family,New Construction,0
Austin,2000-02-16,2000-02-16,Single Family,New Construction,0
Austin,2000-02-07,2000-02-07,Single Family,Alteration/Renovation,0
Austin,2000-01-27,2000-01-27,Single Family,Alteration/Renovation,0
Austin,1999-12-28,1999-12-28,Single Family,Alteration/Renovation,0
Austin,2000-02-05,2000-02-05,Single Family,New Construction,0
Austin,2000-01-05,2000-01-05,Single Family,Alteration/Renovation,0
Austin,2000-01-18,2000-01-18,Single Family,Alteration/Renovation,0
Austin,2000-02-09,2000-02-09,Single Family,New Construction,0
Austin,2000-01-24,2000-01-24,Single Family,Alteration/Renovation,0
Austin,2000-01-27,2000-01-27,Single Family,Alteration/Renovation,0
Austin,2000-01-10,2000-01-10,Single Family,New Construction,0
Austin,2000-01-27,2000-01-27,Single Family,Alteration/Renovation,0
Austin,2000-01-25,2000-01-25,Single Family,Alteration/Renovation,0
Austin,2000-01-03,2000-01-03,Single Family,Alteration/Renovation,0
Austin,2000-02-02,2000-02-02,Single Family,New Construction,0
Austin,1999-12-17,1999-12-17,Single Family,Alteration/Renovation,0
Austin,2000-01-29,2000-01-29,Single Family,Alteration/Renovation,0
Austin,2000-01-21,2000-01-21,Single Family,Alteration/Renovation,0
Austin,2000-02-03,2000-02-03,Single Family,Alteration/Renovation,0
Austin,1999-12-28,1999-12-28,Single Family,Alteration/Renovation,0
Austin,2000-01-28,2000-01-28,Single Family,New Construction,0
Austin,2000-01-13,2000-01-13,Single Family,Alteration/Renovation,0
Austin,2000-02-07,2000-02-07,Single Family,New Construction,0
Austin,1999-12-20,1999-12-20,Single Family,Alteration/Renovation,0
Austin,2000-01-19,2000-01-19,Single Family,New Construction,0
Austin,2000-02-01,2000-02-01,Single Family,Alteration/Renovation,0
Austin,2000-02-07,2000-02-07,Single Family,New Construction,0
Austin,2000-01-26,2000-01-26,Single Family,Alteration/Renovation,0
Austin,2000-01-28,2000-01-28,Single Family,New Construction,0
Austin,2000-02-02,2000-02-02,Single Family,New Construction,0
Austin,2000-01-20,2000-01-20,Single Family,Alteration/Renovation,0
Austin,1998-12-08,1998-12-08,Single Family,New Construction,0
Austin,1999-12-26,1999-12-26,Single Family,New Construction,0
Austin,1999-12-16,1999-12-16,Single Family,New Construction,0
Austin,2000-01-03,2000-01-03,Single Family,New Construction,0
Austin,2000-01-24,2000-01-24,Single Family,Alteration/Renovation,0
Austin,1999-12-17,1999-12-17,Single Family,New Construction,0
Austin,2000-01-14,2000-01-14,Single Family,Alteration/Renovation,0
Austin,2000-02-16,2000-02-16,Single Family,New Construction,0
Austin,1999-12-30,1999-12-30,Single Family,Alteration/Renovation,0
Austin,1999-12-14,1999-12-14,Single Family,Alteration/Renovation,0
Austin,2000-01-26,2000-01-26,Single Family,New Construction,0
Austin,1999-12-30,1999-12-30,Single Family,New Construction,0
Austin,2000-01-03,2000-01-03,Single Family,Alteration/Renovation,0
Austin,1999-12-20,1999-12-20,Single Family,Alteration/Renovation,0
Austin,2000-02-08,2000-02-08,Single Family,Alteration/Renovation,0
Austin,2000-01-26,2000-01-26,Single Family,Alteration/Renovation,0
Austin,2000-02-05,2000-02-05,Single Family,New Construction,0
Austin,2000-02-09,2000-02-09,Single Family,Alteration/Renovation,0
Austin,2000-02-09,2000-02-09,Single Family,New Construction,0
Austin,2000-01-13,2000-01-13,Single Family,New Construction,0
Austin,2000-02-15,2000-02-15,Single Family,New Construction,0
Austin,2000-01-28,2000-01-28,Single Family,New Construction,0
Austin,2000-01-31,2000-01-31,Single Family,New Construction,0
Austin,1999-12-20,1999-12-20,Single Family,New Construction,0
Austin,2000-01-18,2000-01-18,Single Family,Alteration/Renovation,0
Austin,2000-01-11,2000-01-11,Single Family,Alteration/Renovation,0
Austin,2000-01-27,2000-01-27,Single Family,Alteration/Renovation,0
Austin,2000-01-27,2000-01-27,Single Family,New Construction,0
Austin,2000-02-10,2000-02-10,Single Family,Alteration/Renovation,0
Austin,2000-02-09,2000-02-09,Single Family,New Construction,0
Austin,2000-02-08,2000-02-08,Single Family,Alteration/Renovation,0
Austin,2000-01-04,2000-01-04,Single Family,New Construction,0
Austin,2000-02-02,2000-02-02,Single Family,Alteration/Renovation,0
Austin,2000-01-07,2000-01-07,Single Family,Alteration/Renovation,0
Austin,2000-02-08,2000-02-08,Single Family,New Construction,0
Austin,2000-01-24,2000-01-24,Single Family,Alteration/Renovation,0
Austin,2000-01-10,2000-01-10,Single Family,Alteration/Renovation,0
Austin,2000-01-18,2000-01-18,Single Family,New Construction,0
Austin,2000-01-29,2000-01-29,Single Family,Alteration/Renovation,0
Austin,2000-01-28,2000-01-28,Single Family,New Construction,0
Austin,2000-01-29,2000-01-29,Single Family,Alteration/Renovation,0
Austin,1999-12-14,1999-12-14,Multifamily,Alteration/Renovation,0
Austin,2000-02-08,2000-02-08,Single Family,New Construction,0
Austin,2000-01-05,2000-01-05,Single Family,New Construction,0
Austin,2000-02-04,2000-02-04,Single Family,Alteration/Renovation,0
Austin,2000-01-31,2000-01-31,Single Family,Alteration/Renovation,0
Austin,2000-02-17,2000-02-17,Single Family,New Construction,0
Austin,1999-12-22,1999-12-22,Multifamily,New Construction,0
Austin,1999-12-13,1999-12-13,Single Family,New Construction,0
Austin,2000-01-24,2000-01-24,Single Family,Alteration/Renovation,0
Austin,2000-02-07,2000-02-07,Single Family,Alteration/Renovation,0
Austin,2000-01-26,2000-01-26,Single Family,Alteration/Renovation,0
Austin,2000-02-02,2000-02-02,Single Family,Alteration/Renovation,0
Austin,2000-02-17,2000-02-17,Single Family,New Construction,0
Austin,2000-01-18,2000-01-18,Single Family,New Construction,0
Austin,2000-01-31,2000-01-31,Single Family,New Construction,0
Austin,1998-12-09,1998-12-09,Single Family,New Construction,0
Austin,2000-02-08,2000-02-08,Single Family,New Construction,0
Austin,2000-02-09,2000-02-09,Single Family,New Construction,0
Austin,2000-01-18,2000-01-18,Single Family,Alteration/Renovation,0
Austin,2000-02-02,2000-02-02,Single Family,New Construction,0
Austin,1999-12-22,1999-12-22,Single Family,New Construction,0
Austin,1999-12-14,1999-12-14,Single Family,New Construction,0
Austin,1999-12-29,1999-12-29,Single Family,New Construction,0
Austin,2000-02-03,2000-02-03,Single Family,New Construction,0
Austin,2000-02-04,2000-02-04,Single Family,New Construction,0
Austin,2000-02-15,2000-02-15,Single Family,New Construction,0
Austin,2000-02-01,2000-02-01,Single Family,New Construction,0
Austin,1999-12-27,1999-12-27,Single Family,Alteration/Renovation,0
Austin,2000-01-05,2000-01-05,Single Family,New Construction,0
Austin,2000-01-27,2000-01-27,Single Family,New Construction,0
Austin,2000-01-21,2000-01-21,Single Family,New Construction,0
Austin,1999-12-16,1999-12-16,Single Family,New Construction,0
Austin,1999-12-16,1999-12-16,Single Family,Alteration/Renovation,0
Austin,1999-12-21,1999-12-21,Single Family,New Construction,0
Austin,2000-01-12,2000-01-12,Single Family,Alteration/Renovation,0
Austin,1999-12-26,1999-12-26,Single Family,New Construction,0
Austin,2000-02-16,2000-02-16,Single Family,New Construction,0
Austin,2000-01-26,2000-01-26,Single Family,New Construction,0
Austin,2000-01-29,2000-01-29,Single Family,Alteration/Renovation,0
Austin,2000-01-07,2000-01-07,Single Family,Alteration/Renovation,0
Austin,2000-02-16,2000-02-16,Single Family,New Construction,0
Austin,2000-01-10,2000-01-10,Single Family,New Construction,0
Austin,2000-01-07,2000-01-07,Single Family,New Construction,0
Austin,2000-02-07,2000-02-07,Single Family,Alteration/Renovation,0
Austin,2000-02-02,2000-02-02,Single Family,New Construction,0
Austin,2000-01-28,2000-01-28,Single Family,New Construction,0
Austin,2000-02-16,2000-02-16,Single Family,Alteration/Renovation,0
Austin,2000-01-11,2000-01-11,Single Family,Alteration/Renovation,0
Austin,1999-12-16,1999-12-16,Single Family,New Construction,0
Austin,2000-01-05,2000-01-05,Single Family,Alteration/Renovation,0
Austin,2000-01-27,2000-01-27,Single Family,New Construction,0
Austin,2000-01-25,2000-01-25,Single Family,New Construction,0
Austin,2000-02-02,2000-02-02,Single Family,Alteration/Renovation,0
Austin,1999-12-20,1999-12-20,Single Family,New Construction,0
Austin,2000-02-02,2000-02-02,Single Family,Alteration/Renovation,0
Austin,2000-01-31,2000-01-31,Single Family,Alteration/Renovation,0
Austin,2026-09-10,2026-09-10,Single Family,New Construction,0
Austin,2000-01-27,2000-01-27,Single Family,New Construction,0
Austin,2000-01-12,2000-01-12,Single Family,Alteration/Renovation,0
Austin,2000-01-11,2000-01-11,Single Family,New Construction,0
Austin,2000-02-07,2000-02-07,Single Family,New Construction,0
Austin,2000-01-20,2000-01-20,Single Family,New Construction,0
Austin,2000-01-07,2000-01-07,Single Family,New Construction,0
Austin,2000-01-28,2000-01-28,Single Family,Alteration/Renovation,0
Austin,2000-01-14,2000-01-14,Single Family,Alteration/Renovation,0
Austin,2000-01-28,2000-01-28,Multifamily,New Construction,0
Austin,2000-01-31,2000-01-31,Single Family,New Construction,0
Austin,2000-01-03,2000-01-03,Single Family,Alteration/Renovation,0
Austin,2000-01-29,2000-01-29,Single Family,Alteration/Renovation,0
Austin,1999-12-21,1999-12-21,Single Family,Alteration/Renovation,0
Austin,2000-01-24,2000-01-24,Single Family,Alteration/Renovation,0
Austin,1999-12-29,1999-12-29,Single Family,Alteration/Renovation,0
Austin,2000-01-26,2000-01-26,Single Family,New Construction,0
Austin,2000-01-07,2000-01-07,Single Family,New Construction,0
Austin,1999-12-17,1999-12-17,Single Family,Alteration/Renovation,0
Austin,2000-01-21,2000-01-21,Single Family,New Construction,0
Austin,2000-01-26,2000-01-26,Single Family,Alteration/Renovation,0
Austin,2000-02-04,2000-02-04,Single Family,Alteration/Renovation,0
Austin,1999-12-27,1999-12-27,Single Family,Alteration/Renovation,0
Austin,2000-02-09,2000-02-09,Single Family,New Construction,0
Austin,2000-01-18,2000-01-18,Single Family,New Construction,0
Austin,1999-12-14,1999-12-14,Single Family,Alteration/Renovation,0
Austin,1998-12-31,1998-12-31,Single Family,New Construction,0
Austin,2000-01-14,2000-01-14,Single Family,New Construction,0
Austin,2000-01-05,2000-01-05,Single Family,New Construction,0
Austin,1999-12-30,1999-12-30,Single Family,New Construction,0
Austin,1999-12-26,1999-12-26,Single Family,Alteration/Renovation,0
Austin,2000-02-18,2000-02-18,Single Family,New Construction,0
Austin,2000-01-19,2000-01-19,Single Family,Alteration/Renovation,0
Austin,2000-02-03,2000-02-03,Single Family,Alteration/Renovation,0
Austin,2000-02-22,2000-02-22,Single Family,Alteration/Renovation,0
Austin,2000-02-22,2000-02-22,Single Family,Alteration/Renovation,0
Austin,1999-12-20,1999-12-20,Single Family,New Construction,0
Austin,1999-12-15,1999-12-15,Single Family,New Construction,0
Austin,2000-02-04,2000-02-04,Multifamily,New Construction,0
Austin,2000-02-18,2000-02-18,Single Family,New Construction,0
Austin,1999-12-30,1999-12-30,Single Family,Alteration/Renovation,0
Austin,2000-01-22,2000-01-22,Single Family,New Construction,0
Austin,2000-01-10,2000-01-10,Single Family,New Construction,0
Austin,2000-01-27,2000-01-27,Single Family,New Construction,0
Austin,2000-01-11,2000-01-11,Single Family,Alteration/Renovation,0
Austin,2000-01-10,2000-01-10,Single Family,Alteration/Renovation,0
Austin,2000-02-02,2000-02-02,Single Family,Alteration/Renovation,0
Austin,2000-01-24,2000-01-24,Single Family,New Construction,0
Austin,2000-02-18,2000-02-18,Single Family,Alteration/Renovation,0
Austin,2000-02-03,2000-02-03,Single Family,New Construction,0
Austin,2000-01-31,2000-01-31,Single Family,New Construction,0
Austin,2000-01-14,2000-01-14,Single Family,Alteration/Renovation,0
Austin,2000-01-07,2000-01-07,Single Family,New Construction,0
Austin,1999-12-17,1999-12-17,Single Family,Alteration/Renovation,0
Austin,2000-01-04,2000-01-04,Single Family,New Construction,0
Austin,2000-02-22,2000-02-22,Single Family,Alteration/Renovation,0
Austin,2000-02-08,2000-02-08,Single Family,New Construction,0
Austin,2000-01-07,2000-01-07,Single Family,Alteration/Renovation,0
Austin,2000-01-21,2000-01-21,Single Family,Alteration/Renovation,0
Austin,2000-02-18,2000-02-18,Multifamily,Alteration/Renovation,0
Austin,1999-12-14,1999-12-14,Single Family,New Construction,0
Austin,2000-01-10,2000-01-10,Single Family,Alteration/Renovation,0
Austin,1999-12-16,1999-12-16,Single Family,New Construction,0
Austin,2000-02-09,2000-02-09,Single Family,Alteration/Renovation,0
Austin,2000-01-20,2000-01-20,Multifamily,New Construction,0
Austin,2000-02-18,2000-02-18,Single Family,Alteration/Renovation,0
Austin,2000-02-22,2000-02-22,Single Family,New Construction,0
Austin,1999-12-22,1999-12-22,Single Family,Alteration/Renovation,0
Austin,2000-01-06,2000-01-06,Single Family,Alteration/Renovation,0
Austin,2000-01-26,2000-01-26,Single Family,New Construction,0
Austin,2000-01-18,2000-01-18,Single Family,Alteration/Renovation,0
Austin,2000-01-31,2000-01-31,Single Family,New Construction,0
Austin,2000-02-04,2000-02-04,Single Family,New Construction,0
Austin,2000-01-11,2000-01-11,Single Family,Alteration/Renovation,0
Austin,2000-01-20,2000-01-20,Multifamily,New Construction,0
Austin,2000-02-02,2000-02-02,Single Family,New Construction,0
Austin,2000-01-14,2000-01-14,Single Family,Alteration/Renovation,0
Austin,2000-01-14,2000-01-14,Single Family,New Construction,0
Austin,2000-01-19,2000-01-19,Single Family,Alteration/Renovation,0
Austin,2000-01-26,2000-01-26,Single Family,New Construction,0
Austin,1999-12-17,1999-12-17,Single Family,New Construction,0
Austin,2000-01-04,2000-01-04,Single Family,Alteration/Renovation,0
Austin,2000-01-10,2000-01-10,Single Family,New Construction,0
Austin,2000-02-16,2000-02-16,Single Family,New Construction,0
Austin,2000-01-07,2000-01-07,Single Family,Alteration/Renovation,0
Austin,2000-01-18,2000-01-18,Single Family,Alteration/Renovation,0
Austin,1999-12-20,1999-12-20,Single Family,Alteration/Renovation,0
Austin,2000-01-04,2000-01-04,Single Family,Alteration/Renovation,0
Austin,1999-12-14,1999-12-14,Single Family,Alteration/Renovation,0
Austin,2000-01-11,2000-01-11,Single Family,New Construction,0
Austin,2000-02-18,2000-02-18,Single Family,New Construction,0
Austin,1999-12-26,1999-12-26,Single Family,New Construction,0
Austin,2000-02-09,2000-02-09,Single Family,New Construction,0
Austin,1999-12-17,1999-12-17,Single Family,Alteration/Renovation,0
Austin,2000-02-17,2000-02-17,Single Family,Alteration/Renovation,0
Austin,2000-01-21,2000-01-21,Single Family,Alteration/Renovation,0
Austin,2000-01-21,2000-01-21,Single Family,New Construction,0
Austin,2000-01-11,2000-01-11,Single Family,New Construction,0
Austin,2000-02-22,2000-02-22,Single Family,Alteration/Renovation,0
Austin,1999-12-22,1999-12-22,Multifamily,New Construction,0
Austin,2000-01-18,2000-01-18,Single Family,New Construction,0
Austin,2000-01-13,2000-01-13,Single Family,New Construction,0
Austin,2000-01-18,2000-01-18,Single Family,New Construction,0
Austin,2000-02-16,2000-02-16,Single Family,Alteration/Renovation,0
Austin,1999-12-21,1999-12-21,Single Family,Alteration/Renovation,0
Austin,2000-01-10,2000-01-10,Single Family,New Construction,0
Austin,1999-12-16,1999-12-16,Single Family,New Construction,0
Austin,1999-12-21,1999-12-21,Single Family,Alteration/Renovation,0
Austin,2000-01-25,2000-01-25,Single Family,New Construction,0
Austin,2000-02-04,2000-02-04,Single Family,Alteration/Renovation,0
Austin,2000-01-07,2000-01-07,Single Family,New Construction,0
Austin,2000-01-11,2000-01-11,Single Family,New Construction,0
Austin,2000-01-27,2000-01-27,Single Family,Alteration/Renovation,0
Austin,2000-02-18,2000-02-18,Single Family,Alteration/Renovation,0
Austin,2000-01-20,2000-01-20,Single Family,New Construction,0
Austin,2000-01-28,2000-01-28,Multifamily,New Construction,0
Austin,2000-01-10,2000-01-10,Single Family,New Construction,0
Austin,1999-12-28,1999-12-28,Multifamily,Alteration/Renovation,0
Austin,2000-02-02,2000-02-02,Single Family,Alteration/Renovation,0
Austin,2000-01-04,2000-01-04,Single Family,Alteration/Renovation,0
Austin,2000-02-17,2000-02-17,Single Family,Alteration/Renovation,0
Austin,2000-02-09,2000-02-09,Single Family,Alteration/Renovation,0
Austin,1999-12-22,1999-12-22,Single Family,New Construction,0
Austin,1999-12-30,1999-12-30,Single Family,Alteration/Renovation,0
Austin,2000-01-20,2000-01-20,Multifamily,New Construction,0
Austin,2000-01-21,2000-01-21,Single Family,New Construction,0
Austin,2000-01-28,2000-01-28,Single Family,New Construction,0
Austin,2000-02-15,2000-02-15,Single Family,New Construction,0
Austin,2000-02-15,2000-02-15,Single Family,Alteration/Renovation,0
Austin,2000-01-19,2000-01-19,Single Family,Alteration/Renovation,0
Austin,2000-02-07,2000-02-07,Single Family,Alteration/Renovation,0
Austin,1999-12-15,1999-12-15,Single Family,New Construction,0
Austin,2000-01-06,2000-01-06,Single Family,Alteration/Renovation,0
Austin,2000-01-05,2000-01-05,Single Family,New Construction,0
Austin,1999-12-21,1999-12-21,Single Family,Alteration/Renovation,0
Austin,1999-12-21,1999-12-21,Single Family,Alteration/Renovation,0
Austin,2000-01-13,2000-01-13,Single Family,Alteration/Renovation,0
Austin,2000-01-12,2000-01-12,Single Family,New Construction,0
Austin,2000-01-20,2000-01-20,Multifamily,Alteration/Renovation,0
Austin,1999-12-14,1999-12-14,Single Family,New Construction,0
Austin,2000-02-09,2000-02-09,Single Family,Alteration/Renovation,0
Austin,2000-02-16,2000-02-16,Single Family,Alteration/Renovation,0
Austin,2000-01-13,2000-01-13,Single Family,Alteration/Renovation,0
Austin,2000-02-08,2000-02-08,Single Family,New Construction,0
Austin,2000-02-08,2000-02-08,Single Family,New Construction,0
Austin,2000-01-20,2000-01-20,Multifamily,New Construction,0
Austin,2000-01-04,2000-01-04,Single Family,Alteration/Renovation,0
Austin,2000-01-21,2000-01-21,Single Family,Alteration/Renovation,0
Austin,2000-01-18,2000-01-18,Single Family,New Construction,0
Austin,2000-02-18,2000-02-18,Single Family,New Construction,0
Austin,2000-01-19,2000-01-19,Single Family,Alteration/Renovation,0
Austin,2000-01-07,2000-01-07,Single Family,New Construction,0
Austin,2000-02-01,2000-02-01,Single Family,New Construction,0
Austin,1999-12-27,1999-12-27,Single Family,Alteration/Renovation,0
Austin,2000-01-11,2000-01-11,Single Family,New Construction,0
Austin,2000-01-11,2000-01-11,Single Family,Alteration/Renovation,0
Austin,1999-12-17,1999-12-17,Single Family,Alteration/Renovation,0
Austin,2000-01-22,2000-01-22,Single Family,Alteration/Renovation,0
Austin,2000-01-26,2000-01-26,Single Family,Alteration/Renovation,0
Austin,2000-02-16,2000-02-16,Single Family,New Construction,0
Austin,2000-01-24,2000-01-24,Single Family,New Construction,0
Austin,2000-02-08,2000-02-08,Single Family,New Construction,0
Austin,2000-02-09,2000-02-09,Single Family,New Construction,0
Austin,2000-01-20,2000-01-20,Multifamily,New Construction,0
Austin,2000-01-18,2000-01-18,Multifamily,Alteration/Renovation,0
Austin,2000-02-18,2000-02-18,Single Family,Alteration/Renovation,0
Austin,2000-01-31,2000-01-31,Single Family,New Construction,0
Austin,2000-02-17,2000-02-17,Single Family,New Construction,0
Austin,2000-01-18,2000-01-18,Single Family,New Construction,0
Austin,2000-01-21,2000-01-21,Single Family,Alteration/Renovation,0
Austin,2000-01-31,2000-01-31,Single Family,New Construction,0
Austin,2000-01-14,2000-01-14,Single Family,New Construction,0
Austin,2000-01-25,2000-01-25,Single Family,New Construction,0
Austin,2000-01-24,2000-01-24,Single Family,Alteration/Renovation,0
Austin,1999-12-27,1999-12-27,Single Family,Alteration/Renovation,0
Austin,2000-01-28,2000-01-28,Single Family,New Construction,0
Austin,2000-01-19,2000-01-19,Single Family,New Construction,0
Austin,2000-02-09,2000-02-09,Single Family,Alteration/Renovation,0
Austin,2000-02-01,2000-02-01,Single Family,New Construction,0
Austin,2000-02-22,2000-02-22,Single Family,Alteration/Renovation,0
Austin,2000-01-11,2000-01-11,Single Family,New Construction,0
Austin,2000-02-02,2000-02-02,Multifamily,New Construction,0
Austin,2000-02-01,2000-02-01,Single Family,New Construction,0
Austin,1999-12-27,1999-12-27,Single Family,New Construction,0
Austin,2000-01-10,2000-01-10,Single Family,New Construction,0
Austin,2000-02-04,2000-02-04,Single Family,New Construction,0
Austin,2000-01-13,2000-01-13,Single Family,Alteration/Renovation,0
Austin,2000-01-21,2000-01-21,Single Family,Alteration/Renovation,0
Austin,2000-02-22,2000-02-22,Single Family,Alteration/Renovation,0
Austin,2000-01-18,2000-01-18,Single Family,New Construction,0
Austin,1999-12-28,1999-12-28,Single Family,Alteration/Renovation,0
Austin,2000-01-25,2000-01-25,Single Family,New Construction,0
Austin,1999-12-15,1999-12-15,Single Family,New Construction,0
Austin,2000-01-21,2000-01-21,Multifamily,Alteration/Renovation,0
Austin,2000-01-25,2000-01-25,Single Family,New Construction,0
Austin,1999-12-14,1999-12-14,Single Family,Alteration/Renovation,0
Austin,2000-02-08,2000-02-08,Single Family,Alteration/Renovation,0
Austin,2000-01-19,2000-01-19,Single Family,Alteration/Renovation,0
Austin,2000-02-07,2000-02-07,Single Family,New Construction,0
Austin,2000-01-27,2000-01-27,Single Family,Alteration/Renovation,0
Austin,2000-01-04,2000-01-04,Single Family,New Construction,0
Austin,1999-12-20,1999-12-20,Single Family,Alteration/Renovation,0
Austin,2000-01-18,2000-01-18,Single Family,Alteration/Renovation,0
Austin,2000-01-26,2000-01-26,Single Family,New Construction,0
Austin,2000-01-12,2000-01-12,Single Family,Alteration/Renovation,0
Austin,2000-01-25,2000-01-25,Single Family,New Construction,0
Austin,2000-01-28,2000-01-28,Single Family,New Construction,0
Austin,2000-02-09,2000-02-09,Single Family,Alteration/Renovation,0
Austin,2000-01-24,2000-01-24,Single Family,Alteration/Renovation,0
Austin,2000-01-04,2000-01-04,Single Family,Alteration/Renovation,0
Austin,2000-01-11,2000-01-11,Single Family,Alteration/Renovation,0
Austin,2000-02-02,2000-02-02,Single Family,Alteration/Renovation,0
Austin,2000-01-03,2000-01-03,Single Family,New Construction,0
Austin,2000-01-19,2000-01-19,Single Family,New Construction,0
Austin,2000-01-27,2000-01-27,Single Family,New Construction,0
Austin,2000-01-27,2000-01-27,Single Family,New Construction,0
Austin,2000-01-22,2000-01-22,Single Family,New Construction,0
Austin,2000-02-17,2000-02-17,Single Family,New Construction,0
Austin,1999-12-17,1999-12-17,Single Family,Alteration/Renovation,0
Austin,2000-02-02,2000-02-02,Single Family,New Construction,0
Austin,2000-02-02,2000-02-02,Single Family,New Construction,0
Austin,2000-01-18,2000-01-18,Single Family,New Construction,0
Austin,2000-01-22,2000-01-22,Single Family,Alteration/Renovation,0
Austin,2000-01-18,2000-01-18,Single Family,New Construction,0
Austin,2000-01-31,2000-01-31,Single Family,New Construction,0
Austin,1999-12-17,1999-12-17,Single Family,Alteration/Renovation,0
Austin,2000-01-14,2000-01-14,Single Family,New Construction,0
Austin,2000-01-05,2000-01-05,Single Family,New Construction,0
Austin,2000-01-20,2000-01-20,Single Family,New Construction,0
Austin,2000-01-07,2000-01-07,Single Family,New Construction,0
Austin,1999-12-22,1999-12-22,Multifamily,New Construction,0
Austin,2000-01-21,2000-01-21,Single Family,Alteration/Renovation,0
Austin,2000-01-26,2000-01-26,Single Family,Alteration/Renovation,0
Austin,2000-01-31,2000-01-31,Single Family,New Construction,0
Austin,2000-01-27,2000-01-27,Single Family,New Construction,0
Austin,2000-01-27,2000-01-27,Single Family,New Construction,0
Austin,2000-02-04,2000-02-04,Single Family,New Construction,0
Austin,2000-01-21,2000-01-21,Single Family,New Construction,0
Austin,2000-01-06,2000-01-06,Single Family,Alteration/Renovation,0
Austin,2000-01-12,2000-01-12,Single Family,Alteration/Renovation,0
Austin,1999-01-21,1999-01-21,Single Family,New Construction,0
Austin,1999-12-17,1999-12-17,Single Family,Alteration/Renovation,0
Austin,2000-02-09,2000-02-09,Single Family,Alteration/Renovation,0
Austin,1999-12-20,1999-12-20,Single Family,Alteration/Renovation,0
Austin,1999-12-14,1999-12-14,Single Family,New Construction,0
Austin,2000-02-09,2000-02-09,Single Family,New Construction,0
Austin,2000-02-16,2000-02-16,Single Family,Alteration/Renovation,0
Austin,1999-12-22,1999-12-22,Single Family,Alteration/Renovation,0
Austin,2000-02-09,2000-02-09,Single Family,New Construction,0
Austin,2000-01-13,2000-01-13,Single Family,New Construction,0
Austin,2000-01-07,2000-01-07,Single Family,New Construction,0
Austin,2000-01-10,2000-01-10,Single Family,Alteration/Renovation,0
Austin,2000-02-15,2000-02-15,Single Family,New Construction,0
Austin,2000-02-17,2000-02-17,Single Family,Alteration/Renovation,0
Austin,2000-01-14,2000-01-14,Single Family,New Construction,0
Austin,2000-01-07,2000-01-07,Multifamily,New Construction,0
Austin,2000-01-04,2000-01-04,Multifamily,New Construction,0
Austin,2000-01-04,2000-01-04,Single Family,New Construction,0
Austin,2000-02-03,2000-02-03,Single Family,New Construction,0
Austin,1999-12-20,1999-12-20,Single Family,New Construction,0
Austin,2000-01-25,2000-01-25,Single Family,New Construction,0
Austin,2000-01-24,2000-01-24,Single Family,Alteration/Renovation,0
Austin,2000-02-08,2000-02-08,Single Family,New Construction,0
Austin,1999-12-17,1999-12-17,Single Family,Alteration/Renovation,0
Austin,2000-02-04,2000-02-04,Single Family,New Construction,0
Austin,2000-02-22,2000-02-22,Single Family,Alteration/Renovation,0
Austin,2000-01-04,2000-01-04,Multifamily,Alteration/Renovation,0
Austin,2000-01-19,2000-01-19,Single Family,New Construction,0
Austin,2000-02-18,2000-02-18,Single Family,Alteration/Renovation,0
Austin,1999-12-14,1999-12-14,Single Family,New Construction,0
Austin,2000-02-01,2000-02-01,Single Family,New Construction,0
Austin,2000-02-02,2000-02-02,Single Family,Alteration/Renovation,0
Austin,2000-01-18,2000-01-18,Single Family,New Construction,0
Austin,2000-01-27,2000-01-27,Single Family,New Construction,0
Austin,2000-01-11,2000-01-11,Single Family,New Construction,0
Austin,2000-01-26,2000-01-26,Single Family,Alteration/Renovation,0
Austin,2000-01-18,2000-01-18,Multifamily,New Construction,0
Austin,2000-01-11,2000-01-11,Single Family,Alteration/Renovation,0
Austin,1999-12-30,1999-12-30,Single Family,Alteration/Renovation,0
Austin,1999-12-29,1999-12-29,Single Family,Alteration/Renovation,0
Austin,1999-12-16,1999-12-16,Single Family,New Construction,0
Austin,1999-12-30,1999-12-30,Single Family,New Construction,0
Austin,2000-01-31,2000-01-31,Single Family,New Construction,0
Austin,2000-01-07,2000-01-07,Single Family,New Construction,0
Austin,2000-01-04,2000-01-04,Multifamily,New Construction,0
Austin,2000-02-03,2000-02-03,Single Family,Alteration/Renovation,0
Austin,2000-01-20,2000-01-20,Single Family,New Construction,0
Austin,2000-01-14,2000-01-14,Single Family,Alteration/Renovation,0
Austin,2000-01-07,2000-01-07,Single Family,Alteration/Renovation,0
Austin,2000-01-25,2000-01-25,Single Family,New Construction,0
Austin,1999-12-21,1999-12-21,Single Family,Alteration/Renovation,0
Austin,2000-01-06,2000-01-06,Single Family,Alteration/Renovation,0
Austin,2000-01-06,2000-01-06,Single Family,New Construction,0
Austin,1999-12-20,1999-12-20,Single Family,Alteration/Renovation,0
Austin,2000-02-07,2000-02-07,Single Family,Alteration/Renovation,0
Austin,1999-12-26,1999-12-26,Single Family,New Construction,0
Austin,2000-02-18,2000-02-18,Single Family,Alteration/Renovation,0
Austin,2000-01-05,2000-01-05,Single Family,Alteration/Renovation,0
Austin,2000-02-18,2000-02-18,Single Family,Alteration/Renovation,0
Austin,2000-01-26,2000-01-26,Single Family,Alteration/Renovation,0
Austin,2000-02-04,2000-02-04,Single Family,Alteration/Renovation,0
Austin,2000-02-04,2000-02-04,Single Family,Alteration/Renovation,0
Austin,2000-01-04,2000-01-04,Single Family,Alteration/Renovation,0
Austin,2000-02-16,2000-02-16,Single Family,New Construction,0
Austin,2000-02-03,2000-02-03,Single Family,New Construction,0
Austin,2000-01-25,2000-01-25,Single Family,Alteration/Renovation,0
Austin,2000-02-18,2000-02-18,Single Family,New Construction,0
Austin,2000-01-29,2000-01-29,Single Family,Alteration/Renovation,0
Austin,2000-01-10,2000-01-10,Single Family,New Construction,0
Austin,2000-02-22,2000-02-22,Single Family,Alteration/Renovation,0
Austin,2000-01-18,2000-01-18,Single Family,New Construction,0
Austin,2000-01-24,2000-01-24,Single Family,New Construction,0
Austin,2000-02-17,2000-02-17,Single Family,Alteration/Renovation,0
Austin,2000-01-21,2000-01-21,Single Family,New Construction,0
Austin,1999-12-26,1999-12-26,Single Family,New Construction,0
Austin,2000-02-10,2000-02-10,Single Family,Alteration/Renovation,0
Austin,2000-02-03,2000-02-03,Single Family,New Construction,0
Austin,2000-01-21,2000-01-21,Single Family,Alteration/Renovation,0
Austin,2000-01-29,2000-01-29,Single Family,Alteration/Renovation,0
Austin,2000-01-11,2000-01-11,Single Family,Alteration/Renovation,0
Austin,2000-01-10,2000-01-10,Single Family,Alteration/Renovation,0
Austin,2000-01-10,2000-01-10,Single Family,Alteration/Renovation,0
Austin,2000-02-22,2000-02-22,Single Family,Alteration/Renovation,0
Austin,1999-12-17,1999-12-17,Single Family,Alteration/Renovation,0
Austin,2000-02-17,2000-02-17,Single Family,New Construction,0
Austin,2000-02-07,2000-02-07,Single Family,Alteration/Renovation,0
Austin,2000-01-18,2000-01-18,Single Family,New Construction,0
Austin,2000-02-03,2000-02-03,Single Family,New Construction,0
Austin,2000-01-03,2000-01-03,Single Family,New Construction,0
Austin,2000-01-10,2000-01-10,Single Family,New Construction,0
Austin,2000-02-22,2000-02-22,Single Family,New Construction,0
Austin,1999-12-23,1999-12-23,Single Family,New Construction,0
Austin,2000-01-28,2000-01-28,Single Family,Alteration/Renovation,0
Austin,2000-02-01,2000-02-01,Single Family,Alteration/Renovation,0
Austin,2000-01-24,2000-01-24,Single Family,New Construction,0
Austin,2000-01-04,2000-01-04,Single Family,Alteration/Renovation,0
Austin,1999-12-28,1999-12-28,Single Family,Alteration/Renovation,0
Austin,2000-01-07,2000-01-07,Single Family,Alteration/Renovation,0
Austin,2000-02-02,2000-02-02,Single Family,Alteration/Renovation,0
Austin,2000-02-16,2000-02-16,Single Family,Alteration/Renovation,0
Austin,2000-01-04,2000-01-04,Single Family,Alteration/Renovation,0
Austin,2000-01-18,2000-01-18,Single Family,New Construction,0
Austin,2000-02-08,2000-02-08,Single Family,Alteration/Renovation,0
Austin,2000-01-21,2000-01-21,Single Family,New Construction,0
Austin,2000-01-04,2000-01-04,Multifamily,New Construction,0
Austin,2000-01-18,2000-01-18,Multifamily,Alteration/Renovation,0
Austin,2000-02-17,2000-02-17,Single Family,Alteration/Renovation,0
Austin,2000-02-22,2000-02-22,Single Family,New Construction,0
Austin,2000-01-12,2000-01-12,Single Family,New Construction,0
Austin,2000-01-28,2000-01-28,Single Family,New Construction,0
Austin,2000-01-14,2000-01-14,Single Family,Alteration/Renovation,0
Austin,2000-02-16,2000-02-16,Multifamily,New Construction,0
Austin,1999-12-23,1999-12-23,Single Family,New Construction,0
Austin,2000-01-31,2000-01-31,Single Family,Alteration/Renovation,0
Austin,2000-01-12,2000-01-12,Single Family,New Construction,0
Austin,2000-01-12,2000-01-12,Single Family,New Construction,0
Austin,2000-01-28,2000-01-28,Multifamily,New Construction,0
Austin,2000-02-02,2000-02-02,Single Family,Alteration/Renovation,0
Austin,2000-02-17,2000-02-17,Single Family,New Construction,0
Austin,2000-01-03,2000-01-03,Single Family,New Construction,0
Austin,1999-12-29,1999-12-29,Single Family,New Construction,0
Austin,2000-01-28,2000-01-28,Single Family,New Construction,0
Austin,2000-01-22,2000-01-22,Single Family,Alteration/Renovation,0
Austin,1999-12-27,1999-12-27,Single Family,Alteration/Renovation,0
Austin,2000-01-06,2000-01-06,Single Family,Alteration/Renovation,0
Austin,1999-12-13,1999-12-13,Single Family,Alteration/Renovation,0
Austin,2000-01-25,2000-01-25,Single Family,New Construction,0
Austin,2000-01-04,2000-01-04,Multifamily,New Construction,0
Austin,2000-01-18,2000-01-18,Single Family,Alteration/Renovation,0
Austin,2000-02-04,2000-02-04,Single Family,New Construction,0
Austin,2000-01-28,2000-01-28,Single Family,New Construction,0
Austin,2000-02-04,2000-02-04,Single Family,New Construction,0
Austin,2000-01-06,2000-01-06,Single Family,Alteration/Renovation,0
Austin,2000-01-22,2000-01-22,Single Family,Alteration/Renovation,0
Austin,2000-01-07,2000-01-07,Single Family,Alteration/Renovation,0
Austin,2000-02-04,2000-02-04,Single Family,New Construction,0
Austin,2000-01-18,2000-01-18,Single Family,New Construction,0
Austin,2000-01-12,2000-01-12,Single Family,New Construction,0
Austin,2000-02-15,2000-02-15,Single Family,Alteration/Renovation,0
Austin,1999-12-17,1999-12-17,Single Family,New Construction,0
Austin,2000-02-09,2000-02-09,Single Family,New Construction,0
Austin,1999-12-22,1999-12-22,Multifamily,New Construction,0
Austin,2000-01-18,2000-01-18,Single Family,New Construction,0
Austin,1999-12-20,1999-12-20,Single Family,New Construction,0
Austin,2000-01-18,2000-01-18,Single Family,New Construction,0
Austin,2000-01-12,2000-01-12,Single Family,New Construction,0
Austin,2000-02-18,2000-02-18,Single Family,New Construction,0
Austin,2000-01-20,2000-01-20,Single Family,New Construction,0
Austin,2000-01-26,2000-01-26,Single Family,Alteration/Renovation,0
Austin,2000-01-12,2000-01-12,Single Family,Alteration/Renovation,0
Austin,2000-01-12,2000-01-12,Single Family,Alteration/Renovation,0
Austin,2000-01-21,2000-01-21,Single Family,Alteration/Renovation,0
Austin,1999-12-29,1999-12-29,Single Family,Alteration/Renovation,0
Austin,1999-12-30,1999-12-30,Single Family,Alteration/Renovation,0
Austin,2000-02-09,2000-02-09,Single Family,New Construction,0
Austin,2000-01-11,2000-01-11,Single Family,New Construction,0
Austin,2000-01-18,2000-01-18,Single Family,New Construction,0
Austin,2000-02-01,2000-02-01,Single Family,New Construction,0
Austin,2000-01-12,2000-01-12,Single Family,New Construction,0
Austin,2000-02-16,2000-02-16,Single Family,New Construction,0
Austin,2000-02-02,2000-02-02,Single Family,Alteration/Renovation,0
Austin,2000-01-07,2000-01-07,Single Family,New Construction,0
Austin,2000-01-24,2000-01-24,Single Family,New Construction,0
Austin,2000-01-24,2000-01-24,Single Family,Alteration/Renovation,0
Austin,2000-01-06,2000-01-06,Single Family,Alteration/Renovation,0
Austin,2000-02-02,2000-02-02,Single Family,Alteration/Renovation,0
Austin,1998-12-18,1998-12-18,Single Family,New Construction,0
Austin,2000-01-10,2000-01-10,Single Family,New Construction,0
Austin,1999-12-15,1999-12-15,Single Family,Alteration/Renovation,0
Austin,2000-02-07,2000-02-07,Single Family,New Construction,0
Austin,2000-02-07,2000-02-07,Single Family,Alteration/Renovation,0
Austin,1999-12-14,1999-12-14,Single Family,Alteration/Renovation,0
Austin,2000-01-20,2000-01-20,Single Family,New Construction,0
Austin,2000-01-18,2000-01-18,Single Family,Alteration/Renovation,0
Austin,2000-01-07,2000-01-07,Single Family,Alteration/Renovation,0
Austin,2000-01-04,2000-01-04,Multifamily,New Construction,0
Austin,2000-02-04,2000-02-04,Single Family,New Construction,0
Austin,2000-01-31,2000-01-31,Single Family,New Construction,0
Austin,1998-12-31,1998-12-31,Single Family,Alteration/Renovation,0
Austin,2000-01-03,2000-01-03,Multifamily,New Construction,0
Austin,2000-02-04,2000-02-04,Single Family,New Construction,0
Austin,2000-01-06,2000-01-06,Single Family,Alteration/Renovation,0
Austin,2000-01-21,2000-01-21,Single Family,New Construction,0
Austin,2000-02-22,2000-02-22,Single Family,Alteration/Renovation,0
Austin,2000-01-27,2000-01-27,Single Family,Alteration/Renovation,0
Austin,2000-01-25,2000-01-25,Single Family,New Construction,0
Austin,2000-01-03,2000-01-03,Single Family,Alteration/Renovation,0
Austin,2000-01-25,2000-01-25,Single Family,New Construction,0
Austin,2000-01-03,2000-01-03,Single Family,New Construction,0
Austin,2000-01-20,2000-01-20,Single Family,New Construction,0
Austin,2000-01-18,2000-01-18,Single Family,Alteration/Renovation,0
Austin,1999-12-29,1999-12-29,Single Family,New Construction,0
Austin,2000-01-19,2000-01-19,Single Family,New Construction,0
Austin,2000-02-16,2000-02-16,Single Family,Alteration/Renovation,0
Austin,2000-01-31,2000-01-31,Single Family,New Construction,0
Austin,2000-02-07,2000-02-07,Single Family,Alteration/Renovation,0
Austin,2000-01-18,2000-01-18,Single Family,New Construction,0
Austin,2000-02-17,2000-02-17,Single Family,New Construction,0
Austin,2000-01-13,2000-01-13,Single Family,New Construction,0
Austin,2000-01-26,2000-01-26,Single Family,Alteration/Renovation,0
Austin,1999-12-21,1999-12-21,Single Family,Alteration/Renovation,0
Austin,1999-12-27,1999-12-27,Single Family,New Construction,0
Austin,2000-01-14,2000-01-14,Single Family,New Construction,0
Austin,2000-01-29,2000-01-29,Single Family,Alteration/Renovation,0
Austin,1999-12-23,1999-12-23,Single Family,Alteration/Renovation,0
Austin,2000-02-01,2000-02-01,Single Family,New Construction,0
Austin,2000-02-07,2000-02-07,Single Family,New Construction,0
Austin,2000-02-18,2000-02-18,Single Family,New Construction,0
Austin,2000-01-18,2000-01-18,Single Family,New Construction,0
Austin,2000-01-19,2000-01-19,Single Family,Alteration/Renovation,0
Austin,2000-01-27,2000-01-27,Single Family,New Construction,0
Austin,2000-01-06,2000-01-06,Single Family,New Construction,0
Austin,2000-02-01,2000-02-01,Single Family,Alteration/Renovation,0
Austin,2000-02-08,2000-02-08,Single Family,Alteration/Renovation,0
Austin,2000-01-27,2000-01-27,Single Family,New Construction,0
Austin,2000-01-07,2000-01-07,Single Family,Alteration/Renovation,0
Austin,2000-01-18,2000-01-18,Multifamily,Alteration/Renovation,0
Austin,1999-12-15,1999-12-15,Single Family,Alteration/Renovation,0
Austin,2000-02-09,2000-02-09,Single Family,New Construction,0
Austin,2000-02-18,2000-02-18,Single Family,Alteration/Renovation,0
Austin,1999-12-21,1999-12-21,Single Family,Alteration/Renovation,0
Austin,2000-01-27,2000-01-27,Single Family,Alteration/Renovation,0
Austin,2000-01-20,2000-01-20,Single Family,Alteration/Renovation,0
Austin,2000-01-11,2000-01-11,Single Family,New Construction,0
Austin,1999-12-14,1999-12-14,Single Family,New Construction,0
Austin,2000-02-04,2000-02-04,Single Family,New Construction,0
Austin,2000-02-09,2000-02-09,Multifamily,New Construction,0
Austin,2000-01-03,2000-01-03,Single Family,New Construction,0
Austin,1999-12-14,1999-12-14,Single Family,New Construction,0
Austin,1999-12-16,1999-12-16,Single Family,Alteration/Renovation,0
Austin,2000-01-20,2000-01-20,Multifamily,New Construction,0
Austin,1999-12-20,1999-12-20,Single Family,New Construction,0
Austin,2000-01-22,2000-01-22,Single Family,New Construction,0
Austin,2000-02-03,2000-02-03,Single Family,New Construction,0
Austin,2000-01-27,2000-01-27,Single Family,Alteration/Renovation,0
Austin,2000-02-08,2000-02-08,Single Family,New Construction,0
Austin,1999-12-13,1999-12-13,Single Family,Alteration/Renovation,0
Austin,2000-01-20,2000-01-20,Single Family,New Construction,0
Austin,2000-01-19,2000-01-19,Single Family,Alteration/Renovation,0
Austin,2000-02-02,2000-02-02,Single Family,New Construction,0
Austin,2000-01-05,2000-01-05,Single Family,Alteration/Renovation,0
Austin,2000-01-20,2000-01-20,Single Family,Alteration/Renovation,0
Austin,1999-12-28,1999-12-28,Single Family,Alteration/Renovation,0
Austin,2000-01-11,2000-01-11,Single Family,New Construction,0
Austin,2000-02-04,2000-02-04,Single Family,Alteration/Renovation,0
Austin,2000-01-27,2000-01-27,Single Family,Alteration/Renovation,0
Austin,2000-01-29,2000-01-29,Single Family,Alteration/Renovation,0
Austin,2000-01-18,2000-01-18,Single Family,Alteration/Renovation,0
Austin,1999-12-22,1999-12-22,Single Family,New Construction,0
Austin,2000-01-28,2000-01-28,Multifamily,New Construction,0
Austin,2000-01-28,2000-01-28,Single Family,New Construction,0
Austin,2000-01-10,2000-01-10,Single Family,Alteration/Renovation,0
Austin,2000-02-04,2000-02-04,Single Family,New Construction,0
Austin,2000-02-17,2000-02-17,Single Family,Alteration/Renovation,0
Austin,1999-12-16,1999-12-16,Single Family,New Construction,0
Austin,2000-01-21,2000-01-21,Single Family,New Construction,0
Austin,1999-12-14,1999-12-14,Single Family,Alteration/Renovation,0
Austin,1999-12-22,1999-12-22,Single Family,Alteration/Renovation,0
Austin,1999-12-14,1999-12-14,Single Family,Alteration/Renovation,0
Austin,2000-02-02,2000-02-02,Single Family,Alteration/Renovation,0
Austin,2000-02-16,2000-02-16,Single Family,New Construction,0
Austin,1999-12-23,1999-12-23,Single Family,Alteration/Renovation,0
Austin,1999-12-22,1999-12-22,Multifamily,New Construction,0
Austin,2000-02-22,2000-02-22,Single Family,New Construction,0
Austin,2000-01-19,2000-01-19,Single Family,Alteration/Renovation,0
Austin,2000-02-18,2000-02-18,Single Family,New Construction,0
Austin,2000-02-09,2000-02-09,Single Family,Alteration/Renovation,0
Austin,1999-12-16,1999-12-16,Single Family,Alteration/Renovation,0
Austin,2000-01-27,2000-01-27,Single Family,Alteration/Renovation,0
Austin,2000-02-09,2000-02-09,Single Family,New Construction,0
Austin,2000-02-08,2000-02-08,Single Family,New Construction,0
Austin,1999-12-16,1999-12-16,Single Family,Alteration/Renovation,0
Austin,2000-02-15,2000-02-15,Single Family,New Construction,0
Austin,2000-02-05,2000-02-05,Single Family,New Construction,0
Austin,1999-12-15,1999-12-15,Single Family,New Construction,0
Austin,2000-01-28,2000-01-28,Multifamily,New Construction,0
Austin,2000-01-07,2000-01-07,Single Family,New Construction,0
Austin,2000-01-18,2000-01-18,Single Family,New Construction,0
Austin,2000-01-29,2000-01-29,Single Family,Alteration/Renovation,0
Austin,2000-01-28,2000-01-28,Single Family,New Construction,0
Austin,1999-12-16,1999-12-16,Single Family,Alteration/Renovation,0
Austin,2000-01-28,2000-01-28,Multifamily,New Construction,0
Austin,2000-01-21,2000-01-21,Single Family,New Construction,0
Austin,2000-01-27,2000-01-27,Single Family,New Construction,0
Austin,1999-12-20,1999-12-20,Single Family,Alteration/Renovation,0
Austin,2000-01-06,2000-01-06,Single Family,New Construction,0
Austin,2000-02-18,2000-02-18,Single Family,New Construction,0
Austin,2000-02-04,2000-02-04,Multifamily,Alteration/Renovation,0
Austin,2000-01-26,2000-01-26,Single Family,Alteration/Renovation,0
Austin,2000-01-29,2000-01-29,Single Family,New Construction,0
Austin,2000-01-04,2000-01-04,Single Family,Alteration/Renovation,0
Austin,2000-01-20,2000-01-20,Single Family,New Construction,0
Austin,2000-01-11,2000-01-11,Single Family,Alteration/Renovation,0
Austin,2000-02-08,2000-02-08,Single Family,New Construction,0
Austin,2000-02-17,2000-02-17,Single Family,Alteration/Renovation,0
Austin,2000-01-26,2000-01-26,Single Family,New Construction,0
Austin,2000-01-07,2000-01-07,Single Family,Alteration/Renovation,0
Austin,2000-01-03,2000-01-03,Single Family,Alteration/Renovation,0
Austin,1999-12-16,1999-12-16,Single Family,New Construction,0
Austin,2000-01-03,2000-01-03,Single Family,New Construction,0
Austin,2000-01-05,2000-01-05,Single Family,New Construction,0
Austin,2000-02-18,2000-02-18,Single Family,New Construction,0
Austin,2000-02-09,2000-02-09,Single Family,New Construction,0
Austin,2000-02-18,2000-02-18,Single Family,Alteration/Renovation,0
Austin,2000-01-11,2000-01-11,Single Family,New Construction,0
Austin,2000-02-09,2000-02-09,Single Family,New Construction,0
Austin,2000-01-13,2000-01-13,Single Family,Alteration/Renovation,0
Austin,2000-01-18,2000-01-18,Single Family,New Construction,0
Austin,2000-01-27,2000-01-27,Single Family,New Construction,0
Austin,2000-02-01,2000-02-01,Single Family,New Construction,0
Austin,2000-02-04,2000-02-04,Single Family,Alteration/Renovation,0
Austin,1999-12-14,1999-12-14,Single Family,Alteration/Renovation,0
Austin,1999-12-22,1999-12-22,Single Family,Alteration/Renovation,0
Austin,2000-01-10,2000-01-10,Single Family,Alteration/Renovation,0
Austin,2000-02-04,2000-02-04,Single Family,New Construction,0
Austin,2000-01-27,2000-01-27,Single Family,New Construction,0
Austin,2000-01-21,2000-01-21,Single Family,Alteration/Renovation,0
Austin,2000-02-18,2000-02-18,Single Family,New Construction,0
Austin,2000-01-11,2000-01-11,Single Family,New Construction,0
Austin,2000-01-29,2000-01-29,Single Family,New Construction,0
Austin,2000-01-26,2000-01-26,Single Family,New Construction,0
Austin,2000-01-21,2000-01-21,Single Family,New Construction,0
Austin,2000-01-28,2000-01-28,Single Family,Alteration/Renovation,0
Austin,2000-01-18,2000-01-18,Multifamily,New Construction,0
Austin,1999-12-26,1999-12-26,Single Family,New Construction,0
Austin,2000-01-29,2000-01-29,Single Family,Alteration/Renovation,0
Austin,2000-02-18,2000-02-18,Single Family,New Construction,0
Austin,2000-01-21,2000-01-21,Single Family,New Construction,0
Austin,2000-01-28,2000-01-28,Single Family,New Construction,0
Austin,2000-01-27,2000-01-27,Single Family,Alteration/Renovation,0
Austin,2000-01-26,2000-01-26,Single Family,Alteration/Renovation,0
Austin,1999-12-15,1999-12-15,Single Family,New Construction,0
Austin,1999-12-30,1999-12-30,Single Family,Alteration/Renovation,0
Austin,2000-01-18,2000-01-18,Multifamily,Alteration/Renovation,0
Austin,2000-01-27,2000-01-27,Single Family,New Construction,0
Austin,2000-01-03,2000-01-03,Single Family,New Construction,0
Austin,2000-02-01,2000-02-01,Single Family,New Construction,0
Austin,2000-01-27,2000-01-27,Single Family,New Construction,0
Austin,2000-01-24,2000-01-24,Single Family,New Construction,0
Austin,1999-12-26,1999-12-26,Single Family,Alteration/Renovation,0
Austin,2000-02-09,2000-02-09,Single Family,New Construction,0
Austin,2000-01-24,2000-01-24,Single Family,Alteration/Renovation,0
Austin,2000-01-26,2000-01-26,Single Family,New Construction,0
Austin,1999-12-29,1999-12-29,Single Family,New Construction,0
Austin,2000-01-19,2000-01-19,Single Family,New Construction,0
Austin,2000-01-27,2000-01-27,Single Family,New Construction,0
Austin,2000-01-11,2000-01-11,Single Family,Alteration/Renovation,0
Austin,2000-02-07,2000-02-07,Single Family,Alteration/Renovation,0
Austin,1999-12-20,1999-12-20,Single Family,New Construction,0
Austin,2000-01-07,2000-01-07,Single Family,New Construction,0
Austin,2000-02-03,2000-02-03,Single Family,Alteration/Renovation,0
Austin,2000-02-01,2000-02-01,Single Family,New Construction,0
Austin,2000-02-07,2000-02-07,Multifamily,New Construction,0
Austin,2000-02-16,2000-02-16,Single Family,Alteration/Renovation,0
Austin,1999-12-15,1999-12-15,Single Family,Alteration/Renovation,0
Austin,2000-01-14,2000-01-14,Single Family,Alteration/Renovation,0
Austin,2000-01-25,2000-01-25,Single Family,Alteration/Renovation,0
Austin,1999-12-14,1999-12-14,Single Family,New Construction,0
Austin,2000-01-20,2000-01-20,Single Family,Alteration/Renovation,0
Austin,2000-01-18,2000-01-18,Single Family,New Construction,0
Austin,2000-02-22,2000-02-22,Single Family,New Construction,0
Austin,2000-02-03,2000-02-03,Single Family,New Construction,0
Austin,2000-01-06,2000-01-06,Single Family,New Construction,0
Austin,2000-01-19,2000-01-19,Single Family,Alteration/Renovation,0
Austin,2000-01-18,2000-01-18,Multifamily,New Construction,0
Austin,2000-01-24,2000-01-24,Single Family,Alteration/Renovation,0
Austin,2000-01-20,2000-01-20,Single Family,Alteration/Renovation,0
Austin,2000-02-07,2000-02-07,Single Family,Alteration/Renovation,0
Austin,1999-12-14,1999-12-14,Single Family,New Construction,0
Austin,1999-12-15,1999-12-15,Single Family,Alteration/Renovation,0
Austin,2000-02-09,2000-02-09,Single Family,New Construction,0
Austin,2000-01-05,2000-01-05,Single Family,Alteration/Renovation,0
Austin,2000-01-07,2000-01-07,Single Family,Alteration/Renovation,0
Austin,2000-02-04,2000-02-04,Multifamily,New Construction,0
Austin,1999-12-22,1999-12-22,Single Family,New Construction,0
Austin,1999-12-29,1999-12-29,Single Family,New Construction,0
Austin,1999-12-20,1999-12-20,Single Family,Alteration/Renovation,0
Austin,2000-01-29,2000-01-29,Single Family,Alteration/Renovation,0
Austin,1999-12-20,1999-12-20,Single Family,Alteration/Renovation,0
Austin,2000-01-21,2000-01-21,Single Family,Alteration/Renovation,0
Austin,2000-02-17,2000-02-17,Single Family,New Construction,0
Austin,2000-01-28,2000-01-28,Single Family,New Construction,0
Austin,2000-02-03,2000-02-03,Single Family,New Construction,0
Austin,2000-02-08,2000-02-08,Single Family,Alteration/Renovation,0
Austin,2000-01-18,2000-01-18,Single Family,Alteration/Renovation,0
Austin,2000-02-08,2000-02-08,Single Family,Alteration/Renovation,0
Austin,2000-01-28,2000-01-28,Multifamily,New Construction,0
Austin,2000-01-31,2000-01-31,Single Family,New Construction,0
Austin,2000-01-24,2000-01-24,Single Family,New Construction,0
Austin,2000-01-28,2000-01-28,Multifamily,New Construction,0
Austin,2000-02-03,2000-02-03,Single Family,New Construction,0
Austin,2000-02-02,2000-02-02,Single Family,Alteration/Renovation,0
Austin,1999-12-14,1999-12-14,Single Family,New Construction,0
Austin,2000-01-28,2000-01-28,Single Family,New Construction,0
Austin,1999-12-27,1999-12-27,Single Family,New Construction,0
Austin,2000-02-18,2000-02-18,Single Family,New Construction,0
Austin,1999-12-17,1999-12-17,Single Family,Alteration/Renovation,0
Austin,2000-01-07,2000-01-07,Single Family,New Construction,0
Austin,2000-01-21,2000-01-21,Single Family,Alteration/Renovation,0
Austin,2000-01-19,2000-01-19,Single Family,Alteration/Renovation,0
Austin,1999-12-20,1999-12-20,Single Family,Alteration/Renovation,0
Austin,2000-02-03,2000-02-03,Single Family,New Construction,0
Austin,2000-02-17,2000-02-17,Single Family,Alteration/Renovation,0
Austin,2000-02-16,2000-02-16,Single Family,Alteration/Renovation,0
Austin,1999-12-14,1999-12-14,Single Family,New Construction,0
Austin,2000-02-22,2000-02-22,Single Family,Alteration/Renovation,0
Austin,2000-02-16,2000-02-16,Single Family,Alteration/Renovation,0
Austin,2000-02-22,2000-02-22,Single Family,New Construction,0
Austin,2000-02-02,2000-02-02,Single Family,Alteration/Renovation,0
Austin,2000-01-04,2000-01-04,Single Family,New Construction,0
Austin,2000-01-06,2000-01-06,Single Family,Alteration/Renovation,0
Austin,2000-01-26,2000-01-26,Single Family,New Construction,0
Austin,2000-01-03,2000-01-03,Single Family,New Construction,0
Austin,2000-01-12,2000-01-12,Single Family,New Construction,0
Austin,2000-02-07,2000-02-07,Single Family,Alteration/Renovation,0
Austin,2000-02-18,2000-02-18,Single Family,Alteration/Renovation,0
Austin,2000-01-07,2000-01-07,Single Family,New Construction,0
Austin,2000-01-29,2000-01-29,Single Family,Alteration/Renovation,0
Austin,2000-01-25,2000-01-25,Single Family,New Construction,0
Austin,1999-12-22,1999-12-22,Multifamily,New Construction,0
Austin,2000-02-01,2000-02-01,Single Family,New Construction,0
Austin,2000-01-24,2000-01-24,Single Family,New Construction,0
Austin,2000-01-18,2000-01-18,Single Family,New Construction,0
Austin,2000-02-09,2000-02-09,Single Family,Alteration/Renovation,0
Austin,2000-01-05,2000-01-05,Single Family,New Construction,0
Austin,2000-02-17,2000-02-17,Single Family,New Construction,0
Austin,1999-12-28,1999-12-28,Single Family,Alteration/Renovation,0
Austin,2000-01-24,2000-01-24,Single Family,New Construction,0
Austin,2000-01-12,2000-01-12,Single Family,New Construction,0
Austin,2000-02-16,2000-02-16,Single Family,New Construction,0
Austin,2000-01-07,2000-01-07,Single Family,New Construction,0
Austin,2000-01-21,2000-01-21,Single Family,Alteration/Renovation,0
Austin,2000-02-08,2000-02-08,Single Family,New Construction,0
Austin,2000-02-22,2000-02-22,Single Family,Alteration/Renovation,0
Austin,2000-02-10,2000-02-10,Single Family,New Construction,0
Austin,1999-12-29,1999-12-29,Single Family,New Construction,0
Austin,2000-01-13,2000-01-13,Single Family,New Construction,0
Austin,2000-02-07,2000-02-07,Single Family,Alteration/Renovation,0
Austin,2000-02-01,2000-02-01,Single Family,New Construction,0
Austin,2000-01-04,2000-01-04,Single Family,Alteration/Renovation,0
Austin,2000-02-16,2000-02-16,Single Family,Alteration/Renovation,0
Austin,1999-12-26,1999-12-26,Single Family,New Construction,0
Austin,2000-01-12,2000-01-12,Single Family,Alteration/Renovation,0
Austin,1999-12-14,1999-12-14,Single Family,New Construction,0
Austin,2000-01-25,2000-01-25,Single Family,Alteration/Renovation,0
Austin,2000-01-07,2000-01-07,Single Family,New Construction,0
Austin,2000-01-25,2000-01-25,Single Family,Alteration/Renovation,0
Austin,2000-01-12,2000-01-12,Single Family,New Construction,0
Austin,1999-12-15,1999-12-15,Single Family,New Construction,0
Austin,2000-01-19,2000-01-19,Single Family,New Construction,0
Austin,2000-01-21,2000-01-21,Single Family,Alteration/Renovation,0
Austin,2000-02-18,2000-02-18,Single Family,Alteration/Renovation,0
Austin,1999-12-21,1999-12-21,Single Family,Alteration/Renovation,0
Austin,2000-02-15,2000-02-15,Single Family,Alteration/Renovation,0
Austin,2000-02-17,2000-02-17,Single Family,New Construction,0
Austin,2000-02-07,2000-02-07,Single Family,New Construction,0
Austin,2000-01-11,2000-01-11,Single Family,New Construction,0
Austin,1999-12-29,1999-12-29,Single Family,New Construction,0
Austin,1999-12-14,1999-12-14,Single Family,New Construction,0
Austin,2000-01-27,2000-01-27,Single Family,Alteration/Renovation,0
Austin,1999-12-20,1999-12-20,Single Family,New Construction,0
Austin,2000-02-18,2000-02-18,Single Family,New Construction,0
Austin,2000-01-11,2000-01-11,Single Family,New Construction,0
Austin,2000-02-02,2000-02-02,Single Family,New Construction,0
Austin,2000-01-21,2000-01-21,Single Family,New Construction,0
Austin,2000-01-22,2000-01-22,Single Family,Alteration/Renovation,0
Austin,2000-01-25,2000-01-25,Single Family,New Construction,0
Austin,2000-01-19,2000-01-19,Single Family,New Construction,0
Austin,2000-02-18,2000-02-18,Single Family,Alteration/Renovation,0
Austin,1999-12-14,1999-12-14,Single Family,Alteration/Renovation,0
Austin,2000-01-20,2000-01-20,Multifamily,New Construction,0
Austin,1999-12-17,1999-12-17,Single Family,Alteration/Renovation,0
Austin,2000-01-06,2000-01-06,Single Family,Alteration/Renovation,0
Austin,2000-02-03,2000-02-03,Single Family,Alteration/Renovation,0
Austin,2000-02-15,2000-02-15,Single Family,New Construction,0
Austin,1999-12-22,1999-12-22,Single Family,Alteration/Renovation,0
Austin,2000-01-25,2000-01-25,Single Family,Alteration/Renovation,0
Austin,2000-02-04,2000-02-04,Single Family,New Construction,0
Austin,2000-01-10,2000-01-10,Single Family,Alteration/Renovation,0
Austin,2000-02-03,2000-02-03,Single Family,Alteration/Renovation,0
Austin,2000-01-28,2000-01-28,Single Family,Alteration/Renovation,0
Austin,2000-01-10,2000-01-10,Single Family,New Construction,0
Austin,2000-01-12,2000-01-12,Single Family,New Construction,0
Austin,2000-01-31,2000-01-31,Single Family,New Construction,0
Austin,1999-12-30,1999-12-30,Single Family,New Construction,0
Austin,2000-01-21,2000-01-21,Single Family,Alteration/Renovation,0
Austin,2000-02-04,2000-02-04,Single Family,Alteration/Renovation,0
Austin,2000-02-08,2000-02-08,Single Family,New Construction,0
Austin,2000-01-31,2000-01-31,Single Family,Alteration/Renovation,0
Austin,1999-12-14,1999-12-14,Single Family,New Construction,0
Austin,2000-01-10,2000-01-10,Single Family,New Construction,0
Austin,2000-02-07,2000-02-07,Single Family,New Construction,0
Austin,2000-02-08,2000-02-08,Single Family,New Construction,0
Austin,2000-01-19,2000-01-19,Single Family,Alteration/Renovation,0
Austin,2000-02-02,2000-02-02,Single Family,Alteration/Renovation,0
Austin,2000-01-28,2000-01-28,Multifamily,New Construction,0
Austin,2000-01-21,2000-01-21,Single Family,New Construction,0
Austin,1999-12-23,1999-12-23,Single Family,New Construction,0
Austin,1999-12-23,1999-12-23,Single Family,Alteration/Renovation,0
Austin,2000-02-16,2000-02-16,Single Family,Alteration/Renovation,0
Austin,2000-01-25,2000-01-25,Single Family,New Construction,0
Austin,2000-01-07,2000-01-07,Single Family,New Construction,0
Austin,2000-01-12,2000-01-12,Single Family,Alteration/Renovation,0
Austin,2000-01-07,2000-01-07,Single Family,New Construction,0
Austin,2000-01-03,2000-01-03,Single Family,New Construction,0
Austin,2000-02-09,2000-02-09,Single Family,Alteration/Renovation,0
Austin,2000-01-28,2000-01-28,Single Family,Alteration/Renovation,0
Austin,2000-02-17,2000-02-17,Single Family,New Construction,0
Austin,1999-12-29,1999-12-29,Single Family,Alteration/Renovation,0
Austin,1999-12-26,1999-12-26,Single Family,Alteration/Renovation,0
Austin,1999-12-16,1999-12-16,Single Family,New Construction,0
Austin,1998-12-09,1998-12-09,Single Family,New Construction,0
Austin,1999-12-15,1999-12-15,Single Family,Alteration/Renovation,0
Austin,2000-01-10,2000-01-10,Single Family,Alteration/Renovation,0
Austin,1999-12-20,1999-12-20,Single Family,New Construction,0
Austin,2000-01-10,2000-01-10,Single Family,Alteration/Renovation,0
Austin,1999-12-22,1999-12-22,Multifamily,New Construction,0
Austin,1999-12-15,1999-12-15,Single Family,Alteration/Renovation,0
Austin,2000-01-04,2000-01-04,Multifamily,New Construction,0
Austin,2000-02-01,2000-02-01,Single Family,New Construction,0
Austin,2000-02-03,2000-02-03,Single Family,New Construction,0
Austin,2000-01-03,2000-01-03,Single Family,New Construction,0
Austin,2000-01-18,2000-01-18,Single Family,New Construction,0
Austin,1998-12-01,1998-12-01,Single Family,Alteration/Renovation,0
Austin,2000-02-16,2000-02-16,Single Family,New Construction,0
Austin,2000-01-31,2000-01-31,Single Family,Alteration/Renovation,0
Austin,2000-01-25,2000-01-25,Single Family,New Construction,0
Austin,2000-02-07,2000-02-07,Single Family,Alteration/Renovation,0
Austin,1999-12-22,1999-12-22,Single Family,Alteration/Renovation,0
Austin,2000-01-26,2000-01-26,Single Family,Alteration/Renovation,0
Austin,2000-01-10,2000-01-10,Single Family,New Construction,0
Austin,2000-02-15,2000-02-15,Single Family,New Construction,0
Austin,2000-01-26,2000-01-26,Single Family,New Construction,0
Austin,1999-12-17,1999-12-17,Single Family,Alteration/Renovation,0
Austin,2000-02-09,2000-02-09,Single Family,Alteration/Renovation,0
Austin,2000-02-04,2000-02-04,Single Family,Alteration/Renovation,0
Austin,2000-01-10,2000-01-10,Single Family,New Construction,0
Austin,2000-01-10,2000-01-10,Single Family,Alteration/Renovation,0
Austin,2000-01-26,2000-01-26,Single Family,New Construction,0
Austin,2000-01-26,2000-01-26,Single Family,New Construction,0
Austin,2000-01-24,2000-01-24,Single Family,New Construction,0
Austin,2000-02-17,2000-02-17,Single Family,New Construction,0
Austin,2000-01-05,2000-01-05,Single Family,New Construction,0
Austin,2000-01-21,2000-01-21,Single Family,Alteration/Renovation,0
Austin,2000-02-08,2000-02-08,Single Family,Alteration/Renovation,0
Austin,2000-02-17,2000-02-17,Single Family,Alteration/Renovation,0
Austin,2000-01-22,2000-01-22,Single Family,Alteration/Renovation,0
Austin,2000-01-12,2000-01-12,Single Family,New Construction,0
Austin,2000-02-03,2000-02-03,Single Family,Alteration/Renovation,0
Austin,2000-01-13,2000-01-13,Single Family,New Construction,0
Austin,2000-02-16,2000-02-16,Single Family,New Construction,0
Austin,2000-01-28,2000-01-28,Single Family,Alteration/Renovation,0
Austin,2000-01-29,2000-01-29,Single Family,Alteration/Renovation,0
Austin,2000-02-16,2000-02-16,Single Family,Alteration/Renovation,0
Austin,2000-01-28,2000-01-28,Single Family,Alteration/Renovation,0
Austin,1999-12-21,1999-12-21,Single Family,Alteration/Renovation,0
Austin,2000-01-18,2000-01-18,Single Family,New Construction,0
Austin,2000-01-26,2000-01-26,Single Family,New Construction,0
Austin,2000-01-06,2000-01-06,Single Family,New Construction,0
Austin,1999-12-20,1999-12-20,Single Family,New Construction,0
Austin,2000-02-09,2000-02-09,Single Family,New Construction,0
Austin,2000-01-04,2000-01-04,Multifamily,New Construction,0
Austin,2000-02-18,2000-02-18,Single Family,Alteration/Renovation,0
Austin,2000-01-07,2000-01-07,Single Family,New Construction,0
Austin,2000-01-10,2000-01-10,Single Family,New Construction,0
Austin,2000-01-05,2000-01-05,Single Family,New Construction,0
Austin,1999-12-17,1999-12-17,Single Family,Alteration/Renovation,0
Austin,2000-02-15,2000-02-15,Single Family,Alteration/Renovation,0
Austin,2000-01-29,2000-01-29,Single Family,Alteration/Renovation,0
Austin,2000-01-22,2000-01-22,Single Family,Alteration/Renovation,0
Austin,2000-01-03,2000-01-03,Single Family,New Construction,0
Austin,2000-02-17,2000-02-17,Single Family,Alteration/Renovation,0
Austin,2000-01-13,2000-01-13,Single Family,New Construction,0
Austin,2000-02-02,2000-02-02,Single Family,New Construction,0
Austin,2000-01-31,2000-01-31,Single Family,Alteration/Renovation,0
Austin,2000-01-06,2000-01-06,Single Family,Alteration/Renovation,0
Austin,2000-01-25,2000-01-25,Single Family,New Construction,0
Austin,2000-01-28,2000-01-28,Single Family,New Construction,0
Austin,2000-01-07,2000-01-07,Single Family,New Construction,0
Austin,2000-01-13,2000-01-13,Multifamily,New Construction,0
Austin,1999-12-29,1999-12-29,Single Family,New Construction,0
Austin,1999-12-20,1999-12-20,Single Family,Alteration/Renovation,0
Austin,2000-01-28,2000-01-28,Multifamily,New Construction,0
Austin,1999-12-28,1999-12-28,Single Family,New Construction,0
Austin,2000-02-01,2000-02-01,Single Family,New Construction,0
Austin,2000-02-02,2000-02-02,Single Family,Alteration/Renovation,0
Austin,2000-01-18,2000-01-18,Single Family,Alteration/Renovation,0
Austin,2000-01-11,2000-01-11,Single Family,New Construction,0
Austin,2000-02-15,2000-02-15,Single Family,Alteration/Renovation,0
Austin,2000-02-18,2000-02-18,Single Family,Alteration/Renovation,0
Austin,1999-12-13,1999-12-13,Single Family,New Construction,0
Austin,2000-02-09,2000-02-09,Single Family,New Construction,0
Austin,2000-01-19,2000-01-19,Single Family,Alteration/Renovation,0
Austin,2000-01-14,2000-01-14,Single Family,New Construction,0
Austin,2000-01-31,2000-01-31,Single Family,New Construction,0
Austin,2000-01-05,2000-01-05,Single Family,Alteration/Renovation,0
Austin,2000-02-18,2000-02-18,Single Family,New Construction,0
Austin,2000-02-07,2000-02-07,Single Family,Alteration/Renovation,0
Austin,2000-02-09,2000-02-09,Single Family,New Construction,0
Austin,2000-01-04,2000-01-04,Single Family,Alteration/Renovation,0
Austin,2000-01-10,2000-01-10,Single Family,New Construction,0
Austin,1999-12-22,1999-12-22,Single Family,New Construction,0
Austin,1999-12-30,1999-12-30,Single Family,New Construction,0
Austin,2000-01-27,2000-01-27,Single Family,New Construction,0
Austin,2000-01-11,2000-01-11,Single Family,New Construction,0
Austin,2000-02-15,2000-02-15,Single Family,Alteration/Renovation,0
Austin,2000-01-25,2000-01-25,Single Family,Alteration/Renovation,0
Austin,2000-02-22,2000-02-22,Single Family,Alteration/Renovation,0
Austin,2000-01-21,2000-01-21,Single Family,Alteration/Renovation,0
Austin,2000-02-01,2000-02-01,Single Family,New Construction,0
Austin,2000-01-12,2000-01-12,Single Family,Alteration/Renovation,0
Austin,2000-01-12,2000-01-12,Single Family,Alteration/Renovation,0
Austin,2000-02-16,2000-02-16,Single Family,Alteration/Renovation,0
Austin,2000-02-08,2000-02-08,Single Family,New Construction,0
Austin,2000-01-11,2000-01-11,Single Family,New Construction,0
Austin,2000-01-21,2000-01-21,Single Family,Alteration/Renovation,0
Austin,2000-02-09,2000-02-09,Single Family,Alteration/Renovation,0
Austin,2000-02-16,2000-02-16,Single Family,New Construction,0
Austin,2000-02-22,2000-02-22,Single Family,Alteration/Renovation,0
Austin,2000-01-24,2000-01-24,Single Family,New Construction,0
Austin,2000-02-18,2000-02-18,Single Family,New Construction,0
Austin,2000-01-14,2000-01-14,Single Family,New Construction,0
Austin,2000-02-18,2000-02-18,Single Family,Alteration/Renovation,0
Austin,2000-01-27,2000-01-27,Single Family,New Construction,0
Austin,2000-01-24,2000-01-24,Single Family,Alteration/Renovation,0
Austin,1999-12-28,1999-12-28,Single Family,New Construction,0
Austin,2000-02-01,2000-02-01,Single Family,Alteration/Renovation,0
Austin,2000-02-04,2000-02-04,Single Family,Alteration/Renovation,0
Austin,2000-01-18,2000-01-18,Single Family,New Construction,0
Austin,2000-01-25,2000-01-25,Single Family,Alteration/Renovation,0
Austin,2000-01-26,2000-01-26,Single Family,Alteration/Renovation,0
Austin,2000-02-07,2000-02-07,Single Family,New Construction,0
Austin,2000-01-06,2000-01-06,Single Family,Alteration/Renovation,0
Austin,2000-02-08,2000-02-08,Single Family,New Construction,0
Austin,2000-01-24,2000-01-24,Single Family,New Construction,0
Austin,2000-01-19,2000-01-19,Single Family,New Construction,0
Austin,1999-12-22,1999-12-22,Single Family,New Construction,0
Austin,2000-02-07,2000-02-07,Single Family,New Construction,0
Austin,2000-02-08,2000-02-08,Single Family,Alteration/Renovation,0
Austin,1999-12-14,1999-12-14,Single Family,New Construction,0
Austin,1999-12-29,1999-12-29,Single Family,Alteration/Renovation,0
Austin,1999-12-15,1999-12-15,Single Family,New Construction,0
Austin,2000-01-20,2000-01-20,Multifamily,New Construction,0
Austin,2000-01-07,2000-01-07,Single Family,Alteration/Renovation,0
Austin,2000-01-25,2000-01-25,Single Family,New Construction,0
Austin,2000-01-11,2000-01-11,Single Family,Alteration/Renovation,0
Austin,2000-02-15,2000-02-15,Single Family,New Construction,0
Austin,2000-02-08,2000-02-08,Single Family,Alteration/Renovation,0
Austin,1999-12-27,1999-12-27,Single Family,New Construction,0
Austin,1999-12-20,1999-12-20,Single Family,Alteration/Renovation,0
Austin,2000-01-19,2000-01-19,Multifamily,Alteration/Renovation,0
Austin,2000-01-14,2000-01-14,Single Family,New Construction,0
Austin,2000-01-19,2000-01-19,Single Family,New Construction,0
Austin,2000-02-04,2000-02-04,Single Family,New Construction,0
Austin,2000-02-03,2000-02-03,Single Family,Alteration/Renovation,0
Austin,2000-02-09,2000-02-09,Single Family,New Construction,0
Austin,2000-01-27,2000-01-27,Single Family,Alteration/Renovation,0
Austin,2000-02-03,2000-02-03,Single Family,Alteration/Renovation,0
Austin,2000-01-28,2000-01-28,Multifamily,New Construction,0
Austin,2000-01-03,2000-01-03,Single Family,New Construction,0
Austin,1999-12-16,1999-12-16,Single Family,Alteration/Renovation,0
Austin,2000-01-26,2000-01-26,Single Family,New Construction,0
Austin,2000-02-08,2000-02-08,Single Family,Alteration/Renovation,0
Austin,2000-02-07,2000-02-07,Single Family,New Construction,0
Austin,2000-01-07,2000-01-07,Single Family,Alteration/Renovation,0
Austin,2000-01-28,2000-01-28,Multifamily,New Construction,0
Austin,2000-01-26,2000-01-26,Single Family,Alteration/Renovation,0
Austin,2000-01-14,2000-01-14,Single Family,New Construction,0
Austin,2000-02-04,2000-02-04,Single Family,Alteration/Renovation,0
Austin,2000-01-04,2000-01-04,Single Family,New Construction,0
Austin,2000-01-28,2000-01-28,Single Family,New Construction,0
Austin,2000-01-27,2000-01-27,Single Family,New Construction,0
Austin,2000-01-04,2000-01-04,Single Family,Alteration/Renovation,0
Austin,2000-02-09,2000-02-09,Single Family,New Construction,0
Austin,2000-02-18,2000-02-18,Single Family,New Construction,0
Austin,2000-01-24,2000-01-24,Single Family,Alteration/Renovation,0
Austin,2000-02-18,2000-02-18,Multifamily,Alteration/Renovation,0
Austin,2000-02-07,2000-02-07,Single Family,New Construction,0
Austin,2000-02-04,2000-02-04,Single Family,New Construction,0
Austin,2000-01-27,2000-01-27,Single Family,New Construction,0
Austin,2000-01-24,2000-01-24,Single Family,New Construction,0
Austin,2000-02-18,2000-02-18,Single Family,New Construction,0
Austin,2000-02-17,2000-02-17,Single Family,New Construction,0
Austin,1999-12-28,1999-12-28,Single Family,Alteration/Renovation,0
Austin,1999-12-27,1999-12-27,Single Family,New Construction,0
Austin,2000-01-21,2000-01-21,Single Family,Alteration/Renovation,0
Austin,2000-01-28,2000-01-28,Single Family,New Construction,0
Austin,2000-01-07,2000-01-07,Single Family,Alteration/Renovation,0
Austin,2000-01-25,2000-01-25,Single Family,Alteration/Renovation,0
Austin,2026-09-04,2026-09-04,Single Family,New Construction,0
Austin,2000-02-16,2000-02-16,Single Family,New Construction,0
Austin,2000-02-08,2000-02-08,Single Family,New Construction,0
Austin,1999-12-20,1999-12-20,Single Family,Alteration/Renovation,0
Austin,2000-02-07,2000-02-07,Single Family,Alteration/Renovation,0
Austin,2000-01-31,2000-01-31,Single Family,New Construction,0
Austin,2000-01-14,2000-01-14,Single Family,Alteration/Renovation,0
Austin,1999-12-21,1999-12-21,Single Family,New Construction,0
Austin,2000-01-26,2000-01-26,Single Family,Alteration/Renovation,0
Austin,2000-01-24,2000-01-24,Single Family,New Construction,0
Austin,2000-01-10,2000-01-10,Single Family,New Construction,0
Austin,2000-02-01,2000-02-01,Single Family,New Construction,0
Austin,2000-01-04,2000-01-04,Single Family,New Construction,0
Austin,2000-02-07,2000-02-07,Single Family,New Construction,0
Austin,1999-12-17,1999-12-17,Single Family,Alteration/Renovation,0
Austin,2000-01-27,2000-01-27,Single Family,New Construction,0
Austin,2000-02-02,2000-02-02,Single Family,New Construction,0
Austin,2000-02-08,2000-02-08,Single Family,Alteration/Renovation,0
Austin,2000-02-09,2000-02-09,Multifamily,Alteration/Renovation,0
Austin,2000-02-16,2000-02-16,Single Family,Alteration/Renovation,0
Austin,2000-01-19,2000-01-19,Single Family,New Construction,0
Austin,2000-02-07,2000-02-07,Single Family,New Construction,0
Austin,2000-01-19,2000-01-19,Single Family,New Construction,0
Austin,1999-01-08,1999-01-08,Single Family,New Construction,0
Austin,2000-01-25,2000-01-25,Single Family,Alteration/Renovation,0
Austin,2000-02-08,2000-02-08,Single Family,Alteration/Renovation,0
Austin,2000-01-29,2000-01-29,Single Family,Alteration/Renovation,0
Austin,2000-01-27,2000-01-27,Single Family,Alteration/Renovation,0
Austin,2000-01-05,2000-01-05,Single Family,New Construction,0
Austin,1999-12-14,1999-12-14,Single Family,New Construction,0
Austin,2000-01-06,2000-01-06,Single Family,Alteration/Renovation,0
Austin,2000-01-06,2000-01-06,Single Family,Alteration/Renovation,0
Austin,1999-12-29,1999-12-29,Single Family,Alteration/Renovation,0
Austin,2000-02-04,2000-02-04,Multifamily,Alteration/Renovation,0
Austin,1999-12-14,1999-12-14,Single Family,New Construction,0
Austin,2000-01-04,2000-01-04,Single Family,New Construction,0
Austin,2000-01-07,2000-01-07,Single Family,New Construction,0
Austin,2000-02-18,2000-02-18,Single Family,New Construction,0
Austin,2000-02-01,2000-02-01,Single Family,Alteration/Renovation,0
Austin,2000-02-04,2000-02-04,Single Family,Alteration/Renovation,0
Austin,2000-01-27,2000-01-27,Single Family,New Construction,0
Austin,2000-01-31,2000-01-31,Single Family,New Construction,0
Austin,2000-02-17,2000-02-17,Single Family,Alteration/Renovation,0
Austin,1999-12-21,1999-12-21,Single Family,Alteration/Renovation,0
Austin,2000-01-24,2000-01-24,Single Family,Alteration/Renovation,0
Austin,1999-12-30,1999-12-30,Single Family,Alteration/Renovation,0
Austin,1999-12-21,1999-12-21,Single Family,Alteration/Renovation,0
Austin,2000-01-28,2000-01-28,Single Family,New Construction,0
Austin,2000-02-03,2000-02-03,Single Family,New Construction,0
Austin,2000-01-11,2000-01-11,Single Family,Alteration/Renovation,0
Austin,2000-01-28,2000-01-28,Multifamily,New Construction,0
Austin,1999-12-17,1999-12-17,Single Family,Alteration/Renovation,0
Austin,2000-01-26,2000-01-26,Single Family,New Construction,0
Austin,2000-01-27,2000-01-27,Single Family,New Construction,0
Austin,2000-02-02,2000-02-02,Single Family,Alteration/Renovation,0
Austin,2000-02-02,2000-02-02,Single Family,Alteration/Renovation,0
Austin,1999-12-28,1999-12-28,Single Family,Alteration/Renovation,0
Austin,2000-01-28,2000-01-28,Multifamily,New Construction,0
Austin,2000-01-18,2000-01-18,Single Family,New Construction,0
Austin,2000-02-08,2000-02-08,Single Family,New Construction,0
Austin,1999-12-29,1999-12-29,Single Family,Alteration/Renovation,0
Austin,2000-01-29,2000-01-29,Single Family,Alteration/Renovation,0
Austin,2000-02-04,2000-02-04,Single Family,New Construction,0
Austin,2000-01-03,2000-01-03,Single Family,Alteration/Renovation,0
Austin,2000-02-09,2000-02-09,Single Family,New Construction,0
Austin,2000-01-18,2000-01-18,Single Family,Alteration/Renovation,0
Austin,2000-01-14,2000-01-14,Single Family,New Construction,0
Austin,2000-02-09,2000-02-09,Single Family,New Construction,0
Austin,2000-01-25,2000-01-25,Single Family,New Construction,0
Austin,1999-12-29,1999-12-29,Single Family,New Construction,0
Austin,2000-01-03,2000-01-03,Single Family,New Construction,0
Austin,2000-01-31,2000-01-31,Single Family,Alteration/Renovation,0
Austin,2000-01-04,2000-01-04,Multifamily,New Construction,0
Austin,2000-01-25,2000-01-25,Single Family,Alteration/Renovation,0
Austin,2000-01-20,2000-01-20,Multifamily,New Construction,0
Austin,2000-02-15,2000-02-15,Single Family,Alteration/Renovation,0
Austin,2000-02-07,2000-02-07,Single Family,Alteration/Renovation,0
Austin,2000-01-27,2000-01-27,Single Family,Alteration/Renovation,0
Austin,2000-02-09,2000-02-09,Single Family,Alteration/Renovation,0
Austin,2000-02-04,2000-02-04,Single Family,New Construction,0
Austin,2000-01-27,2000-01-27,Single Family,Alteration/Renovation,0
Austin,2000-01-03,2000-01-03,Single Family,Alteration/Renovation,0
Austin,2000-02-07,2000-02-07,Single Family,New Construction,0
Austin,2000-02-18,2000-02-18,Single Family,New Construction,0
Austin,2000-02-03,2000-02-03,Single Family,New Construction,0
Austin,2000-02-03,2000-02-03,Single Family,Alteration/Renovation,0
Austin,2000-01-26,2000-01-26,Single Family,New Construction,0
Austin,1999-12-22,1999-12-22,Multifamily,New Construction,0
Austin,2000-02-08,2000-02-08,Single Family,Alteration/Renovation,0
Austin,2000-01-21,2000-01-21,Multifamily,Alteration/Renovation,0
Austin,2000-01-29,2000-01-29,Single Family,New Construction,0
Austin,1999-12-27,1999-12-27,Single Family,New Construction,0
Austin,2000-02-09,2000-02-09,Single Family,New Construction,0
Austin,1999-12-15,1999-12-15,Single Family,New Construction,0
Austin,2000-01-10,2000-01-10,Single Family,New Construction,0
Austin,1999-12-22,1999-12-22,Single Family,New Construction,0
Austin,2000-01-11,2000-01-11,Single Family,New Construction,0
Austin,2000-02-02,2000-02-02,Single Family,Alteration/Renovation,0
Austin,1999-12-14,1999-12-14,Single Family,Alteration/Renovation,0
Austin,2026-09-03,2026-09-03,Single Family,New Construction,0
Austin,1999-12-14,1999-12-14,Single Family,Alteration/Renovation,0
Austin,2000-01-14,2000-01-14,Single Family,Alteration/Renovation,0
Austin,1999-12-26,1999-12-26,Single Family,Alteration/Renovation,0
Austin,1999-12-14,1999-12-14,Single Family,Alteration/Renovation,0
Austin,2000-01-29,2000-01-29,Single Family,Alteration/Renovation,0
Austin,2000-02-16,2000-02-16,Single Family,Alteration/Renovation,0
Austin,2000-01-18,2000-01-18,Single Family,New Construction,0
Austin,1999-12-30,1999-12-30,Single Family,New Construction,0
Austin,2000-02-08,2000-02-08,Single Family,Alteration/Renovation,0
Austin,2000-01-18,2000-01-18,Multifamily,Alteration/Renovation,0
Austin,2000-01-12,2000-01-12,Single Family,New Construction,0
Austin,2000-01-21,2000-01-21,Single Family,New Construction,0
Austin,2000-01-31,2000-01-31,Single Family,New Construction,0
Austin,2000-01-28,2000-01-28,Single Family,Alteration/Renovation,0
Austin,2000-01-11,2000-01-11,Single Family,New Construction,0
Austin,2000-02-07,2000-02-07,Single Family,Alteration/Renovation,0
Austin,2000-01-18,2000-01-18,Single Family,New Construction,0
Austin,2000-02-07,2000-02-07,Single Family,Alteration/Renovation,0
Austin,2000-02-18,2000-02-18,Single Family,New Construction,0
Austin,2000-02-15,2000-02-15,Single Family,New Construction,0
Austin,2000-01-06,2000-01-06,Single Family,Alteration/Renovation,0
Austin,2000-01-24,2000-01-24,Single Family,Alteration/Renovation,0
Austin,2000-01-04,2000-01-04,Multifamily,New Construction,0
Austin,2000-02-17,2000-02-17,Single Family,Alteration/Renovation,0
Austin,1999-12-22,1999-12-22,Single Family,New Construction,0
Austin,2000-02-08,2000-02-08,Single Family,Alteration/Renovation,0
Austin,2000-02-17,2000-02-17,Single Family,New Construction,0
Austin,2000-01-28,2000-01-28,Single Family,Alteration/Renovation,0
Austin,2000-01-14,2000-01-14,Single Family,New Construction,0
Austin,2000-02-18,2000-02-18,Single Family,Alteration/Renovation,0
Austin,2000-01-21,2000-01-21,Single Family,Alteration/Renovation,0
Austin,1999-12-17,1999-12-17,Single Family,Alteration/Renovation,0
Austin,2000-02-07,2000-02-07,Single Family,New Construction,0
Austin,2000-01-25,2000-01-25,Single Family,Alteration/Renovation,0
Austin,2000-01-24,2000-01-24,Single Family,New Construction,0
Austin,2000-02-16,2000-02-16,Single Family,Alteration/Renovation,0
Austin,2000-02-01,2000-02-01,Single Family,New Construction,0
Austin,2000-01-26,2000-01-26,Single Family,Alteration/Renovation,0
Austin,2000-01-28,2000-01-28,Single Family,Alteration/Renovation,0
Austin,2000-02-08,2000-02-08,Single Family,Alteration/Renovation,0
Austin,2000-01-25,2000-01-25,Single Family,Alteration/Renovation,0
Austin,2000-02-03,2000-02-03,Single Family,New Construction,0
Austin,2000-01-05,2000-01-05,Single Family,Alteration/Renovation,0
Austin,2000-01-26,2000-01-26,Single Family,Alteration/Renovation,0
Austin,2000-01-31,2000-01-31,Single Family,Alteration/Renovation,0
Austin,2000-01-20,2000-01-20,Single Family,New Construction,0
Austin,2000-01-20,2000-01-20,Single Family,New Construction,0
Austin,2000-02-17,2000-02-17,Single Family,Alteration/Renovation,0
Austin,1999-12-20,1999-12-20,Single Family,New Construction,0
Austin,2000-02-03,2000-02-03,Single Family,New Construction,0
Austin,2000-01-18,2000-01-18,Multifamily,Alteration/Renovation,0
Austin,2000-01-20,2000-01-20,Multifamily,New Construction,0
Austin,1999-12-15,1999-12-15,Single Family,Alteration/Renovation,0
Austin,1999-12-21,1999-12-21,Single Family,New Construction,0
Austin,2000-01-21,2000-01-21,Single Family,Alteration/Renovation,0
Austin,2000-01-07,2000-01-07,Single Family,New Construction,0
Austin,2000-01-27,2000-01-27,Single Family,New Construction,0
Austin,2000-01-29,2000-01-29,Single Family,Alteration/Renovation,0
Austin,2000-01-11,2000-01-11,Single Family,New Construction,0
Austin,2000-02-18,2000-02-18,Single Family,Alteration/Renovation,0
Austin,2000-02-22,2000-02-22,Single Family,Alteration/Renovation,0
Austin,2000-02-02,2000-02-02,Single Family,New Construction,0
Austin,2000-02-04,2000-02-04,Single Family,New Construction,0
Austin,1999-12-20,1999-12-20,Single Family,Alteration/Renovation,0
Austin,2000-01-05,2000-01-05,Single Family,New Construction,0
Austin,2000-01-24,2000-01-24,Single Family,Alteration/Renovation,0
Austin,2000-01-27,2000-01-27,Single Family,New Construction,0
Austin,2000-02-04,2000-02-04,Single Family,New Construction,0
Austin,1999-12-22,1999-12-22,Single Family,New Construction,0
Austin,2000-02-03,2000-02-03,Single Family,New Construction,0
Austin,1999-12-29,1999-12-29,Single Family,New Construction,0
Austin,2000-01-12,2000-01-12,Single Family,New Construction,0
Austin,1999-12-14,1999-12-14,Multifamily,Alteration/Renovation,0
Austin,2000-01-28,2000-01-28,Single Family,New Construction,0
Austin,1999-12-15,1999-12-15,Single Family,New Construction,0
Austin,1999-12-14,1999-12-14,Single Family,Alteration/Renovation,0
Austin,2000-02-18,2000-02-18,Single Family,Alteration/Renovation,0
Austin,2000-01-19,2000-01-19,Single Family,New Construction,0
Austin,2000-02-08,2000-02-08,Single Family,Alteration/Renovation,0
Austin,1999-12-16,1999-12-16,Single Family,New Construction,0
Austin,2000-01-21,2000-01-21,Single Family,Alteration/Renovation,0
Austin,2000-02-07,2000-02-07,Single Family,New Construction,0
Austin,1999-12-28,1999-12-28,Multifamily,Alteration/Renovation,0
Austin,2000-01-10,2000-01-10,Single Family,New Construction,0
Austin,2000-01-11,2000-01-11,Single Family,New Construction,0
Austin,2000-01-07,2000-01-07,Single Family,Alteration/Renovation,0
Austin,2000-02-16,2000-02-16,Single Family,Alteration/Renovation,0
Austin,2000-01-24,2000-01-24,Single Family,New Construction,0
Austin,1999-12-21,1999-12-21,Single Family,New Construction,0
Austin,2000-01-20,2000-01-20,Multifamily,New Construction,0
Austin,2000-01-29,2000-01-29,Single Family,New Construction,0
Austin,2000-01-04,2000-01-04,Single Family,Alteration/Renovation,0
Austin,2000-02-16,2000-02-16,Multifamily,Alteration/Renovation,0
Austin,1999-12-27,1999-12-27,Single Family,Alteration/Renovation,0
Austin,2000-01-13,2000-01-13,Single Family,Alteration/Renovation,0
Austin,2000-01-28,2000-01-28,Single Family,New Construction,0
Austin,1999-12-29,1999-12-29,Single Family,New Construction,0
Austin,2000-02-16,2000-02-16,Single Family,Alteration/Renovation,0
Austin,2000-01-03,2000-01-03,Single Family,New Construction,0
Austin,2000-01-05,2000-01-05,Single Family,Alteration/Renovation,0
Austin,2000-02-18,2000-02-18,Single Family,New Construction,0
Austin,2000-02-22,2000-02-22,Single Family,Alteration/Renovation,0
Austin,2000-02-10,2000-02-10,Single Family,Alteration/Renovation,0
Austin,1999-12-16,1999-12-16,Single Family,Alteration/Renovation,0
Austin,2000-01-14,2000-01-14,Single Family,New Construction,0
Austin,2000-01-14,2000-01-14,Single Family,New Construction,0
Austin,1999-12-14,1999-12-14,Single Family,Alteration/Renovation,0
Austin,2000-02-02,2000-02-02,Single Family,Alteration/Renovation,0
Austin,2000-02-08,2000-02-08,Single Family,New Construction,0
Austin,2000-02-18,2000-02-18,Single Family,Alteration/Renovation,0
Austin,2000-01-26,2000-01-26,Single Family,New Construction,0
Austin,2000-01-05,2000-01-05,Single Family,New Construction,0
Austin,2000-01-12,2000-01-12,Single Family,New Construction,0
Austin,2000-01-24,2000-01-24,Single Family,New Construction,0
Austin,2000-01-31,2000-01-31,Single Family,Alteration/Renovation,0
Austin,2000-02-22,2000-02-22,Single Family,Alteration/Renovation,0
Austin,2000-01-10,2000-01-10,Single Family,New Construction,0
Austin,2000-01-12,2000-01-12,Single Family,New Construction,0
Austin,2000-02-01,2000-02-01,Single Family,New Construction,0
Austin,2000-01-29,2000-01-29,Single Family,Alteration/Renovation,0
Austin,2000-01-25,2000-01-25,Single Family,New Construction,0
Austin,2000-02-10,2000-02-10,Single Family,Alteration/Renovation,0
Austin,2000-01-27,2000-01-27,Single Family,New Construction,0
Austin,2000-01-19,2000-01-19,Single Family,New Construction,0
Austin,1999-12-22,1999-12-22,Multifamily,New Construction,0
Austin,2000-01-10,2000-01-10,Single Family,Alteration/Renovation,0
Austin,2000-01-20,2000-01-20,Multifamily,New Construction,0
Austin,2000-02-03,2000-02-03,Single Family,New Construction,0
Austin,2000-01-12,2000-01-12,Single Family,Alteration/Renovation,0
Austin,2000-01-31,2000-01-31,Single Family,Alteration/Renovation,0
Austin,2000-02-03,2000-02-03,Single Family,New Construction,0
Austin,1999-12-15,1999-12-15,Single Family,New Construction,0
Austin,1999-12-20,1999-12-20,Single Family,Alteration/Renovation,0
Austin,2000-02-16,2000-02-16,Multifamily,New Construction,0
Austin,2000-02-07,2000-02-07,Single Family,Alteration/Renovation,0
Austin,2000-01-14,2000-01-14,Single Family,Alteration/Renovation,0
Austin,1999-12-22,1999-12-22,Single Family,Alteration/Renovation,0
Austin,1999-12-28,1999-12-28,Single Family,Alteration/Renovation,0
Austin,2000-02-02,2000-02-02,Multifamily,New Construction,0
Austin,1999-12-27,1999-12-27,Single Family,Alteration/Renovation,0
Austin,2000-01-19,2000-01-19,Single Family,Alteration/Renovation,0
Austin,2000-01-11,2000-01-11,Multifamily,Alteration/Renovation,0
Austin,2000-01-24,2000-01-24,Single Family,Alteration/Renovation,0
Austin,2000-01-31,2000-01-31,Single Family,Alteration/Renovation,0
Austin,1999-12-23,1999-12-23,Single Family,Alteration/Renovation,0
Austin,2000-02-09,2000-02-09,Single Family,New Construction,0
Austin,2000-01-10,2000-01-10,Single Family,New Construction,0
Austin,2000-01-12,2000-01-12,Single Family,New Construction,0
Austin,2000-01-31,2000-01-31,Single Family,New Construction,0
Austin,2000-01-19,2000-01-19,Single Family,New Construction,0
Austin,2000-01-06,2000-01-06,Single Family,New Construction,0
Austin,2000-02-07,2000-02-07,Single Family,New Construction,0
Austin,1999-12-21,1999-12-21,Single Family,Alteration/Renovation,0
Austin,1999-12-17,1999-12-17,Single Family,Alteration/Renovation,0
Austin,2000-01-28,2000-01-28,Multifamily,New Construction,0
Austin,2000-02-16,2000-02-16,Single Family,New Construction,0
Austin,2000-02-09,2000-02-09,Single Family,Alteration/Renovation,0
Austin,2000-01-10,2000-01-10,Single Family,Alteration/Renovation,0
Austin,2000-01-05,2000-01-05,Single Family,Alteration/Renovation,0
Austin,1999-12-23,1999-12-23,Single Family,New Construction,0
Austin,1999-12-22,1999-12-22,Single Family,New Construction,0
Austin,2000-01-24,2000-01-24,Single Family,Alteration/Renovation,0
Austin,2000-01-24,2000-01-24,Single Family,Alteration/Renovation,0
Austin,2000-01-25,2000-01-25,Single Family,Alteration/Renovation,0
Austin,2000-02-03,2000-02-03,Single Family,New Construction,0
Austin,1999-12-14,1999-12-14,Single Family,Alteration/Renovation,0
Austin,2000-01-07,2000-01-07,Single Family,New Construction,0
Austin,2000-02-01,2000-02-01,Single Family,New Construction,0
Austin,1999-12-28,1999-12-28,Single Family,New Construction,0
Austin,2000-01-24,2000-01-24,Single Family,New Construction,0
Austin,2000-02-02,2000-02-02,Single Family,New Construction,0
Austin,2000-01-10,2000-01-10,Single Family,New Construction,0
Austin,2000-01-10,2000-01-10,Single Family,New Construction,0
Austin,2000-01-12,2000-01-12,Single Family,New Construction,0
Austin,2000-01-26,2000-01-26,Single Family,Alteration/Renovation,0
Austin,2000-01-29,2000-01-29,Single Family,Alteration/Renovation,0
Austin,2000-02-04,2000-02-04,Single Family,New Construction,0
Austin,2000-02-01,2000-02-01,Single Family,New Construction,0
Austin,1999-12-20,1999-12-20,Single Family,Alteration/Renovation,0
Austin,2000-01-21,2000-01-21,Single Family,New Construction,0
Austin,2000-01-20,2000-01-20,Multifamily,New Construction,0
Austin,2000-01-13,2000-01-13,Single Family,New Construction,0
Austin,2000-02-16,2000-02-16,Single Family,Alteration/Renovation,0
Austin,2000-01-14,2000-01-14,Single Family,New Construction,0
Austin,2000-02-01,2000-02-01,Single Family,New Construction,0
Austin,2000-01-05,2000-01-05,Single Family,Alteration/Renovation,0
Austin,2000-02-07,2000-02-07,Single Family,New Construction,0
Austin,2000-01-29,2000-01-29,Single Family,Alteration/Renovation,0
Austin,1999-12-20,1999-12-20,Single Family,New Construction,0
Austin,1999-12-26,1999-12-26,Single Family,New Construction,0
Austin,2000-02-04,2000-02-04,Single Family,Alteration/Renovation,0
Austin,2000-02-04,2000-02-04,Single Family,New Construction,0
Austin,2000-02-15,2000-02-15,Single Family,New Construction,0
Austin,2000-02-18,2000-02-18,Single Family,Alteration/Renovation,0
Austin,2000-01-10,2000-01-10,Single Family,New Construction,0
Austin,2000-01-19,2000-01-19,Single Family,Alteration/Renovation,0
Austin,1999-12-20,1999-12-20,Single Family,Alteration/Renovation,0
Austin,2000-02-16,2000-02-16,Single Family,New Construction,0
Austin,1999-12-14,1999-12-14,Single Family,Alteration/Renovation,0
Austin,2000-02-08,2000-02-08,Single Family,Alteration/Renovation,0
Austin,2000-01-26,2000-01-26,Single Family,Alteration/Renovation,0
Austin,2000-01-05,2000-01-05,Single Family,Alteration/Renovation,0
Austin,1999-12-14,1999-12-14,Single Family,Alteration/Renovation,0
Austin,2000-02-03,2000-02-03,Single Family,New Construction,0
Austin,2000-01-05,2000-01-05,Single Family,Alteration/Renovation,0
Austin,2000-01-11,2000-01-11,Single Family,New Construction,0
Austin,2000-01-06,2000-01-06,Single Family,New Construction,0
Austin,1999-12-14,1999-12-14,Single Family,New Construction,0
Austin,2000-01-07,2000-01-07,Single Family,New Construction,0
Austin,2000-01-24,2000-01-24,Single Family,Alteration/Renovation,0
Austin,2000-01-04,2000-01-04,Single Family,Alteration/Renovation,0
Austin,2000-02-09,2000-02-09,Single Family,Alteration/Renovation,0
Austin,2000-01-28,2000-01-28,Multifamily,New Construction,0
Austin,2000-01-20,2000-01-20,Single Family,Alteration/Renovation,0
Austin,2000-01-25,2000-01-25,Single Family,New Construction,0
Austin,2000-01-28,2000-01-28,Multifamily,New Construction,0
Austin,2000-02-09,2000-02-09,Single Family,Alteration/Renovation,0
Austin,2000-01-10,2000-01-10,Single Family,Alteration/Renovation,0
Austin,2000-01-21,2000-01-21,Single Family,New Construction,0
Austin,2000-02-09,2000-02-09,Single Family,Alteration/Renovation,0
Austin,2000-01-26,2000-01-26,Single Family,New Construction,0
Austin,2000-01-20,2000-01-20,Single Family,Alteration/Renovation,0
Austin,2000-01-27,2000-01-27,Single Family,Alteration/Renovation,0
Austin,1999-12-20,1999-12-20,Single Family,New Construction,0
Austin,2000-01-07,2000-01-07,Single Family,New Construction,0
Austin,2000-02-16,2000-02-16,Single Family,Alteration/Renovation,0
Austin,2000-01-21,2000-01-21,Single Family,New Construction,0
Austin,2000-01-18,2000-01-18,Single Family,New Construction,0
Austin,2000-01-06,2000-01-06,Single Family,Alteration/Renovation,0
Austin,2000-02-01,2000-02-01,Single Family,Alteration/Renovation,0
Austin,2000-02-03,2000-02-03,Single Family,New Construction,0
Austin,2000-02-08,2000-02-08,Single Family,New Construction,0
Austin,1999-12-21,1999-12-21,Single Family,New Construction,0
Austin,2000-01-10,2000-01-10,Single Family,Alteration/Renovation,0
Austin,2000-01-31,2000-01-31,Single Family,New Construction,0
Austin,2000-02-17,2000-02-17,Single Family,Alteration/Renovation,0
Austin,2000-01-14,2000-01-14,Single Family,Alteration/Renovation,0
Austin,2000-02-18,2000-02-18,Single Family,New Construction,0
Austin,1999-12-15,1999-12-15,Single Family,New Construction,0
Austin,2000-01-25,2000-01-25,Single Family,Alteration/Renovation,0
Austin,2000-01-27,2000-01-27,Single Family,New Construction,0
Austin,2000-02-02,2000-02-02,Single Family,Alteration/Renovation,0
Austin,2000-02-04,2000-02-04,Single Family,Alteration/Renovation,0
Austin,2000-01-13,2000-01-13,Single Family,New Construction,0
Austin,2000-01-29,2000-01-29,Single Family,Alteration/Renovation,0
Austin,2000-01-28,2000-01-28,Single Family,New Construction,0
Austin,1999-12-14,1999-12-14,Single Family,New Construction,0
Austin,1999-12-17,1999-12-17,Single Family,Alteration/Renovation,0
Austin,2000-01-11,2000-01-11,Single Family,Alteration/Renovation,0
Austin,2000-02-07,2000-02-07,Single Family,Alteration/Renovation,0
Austin,2000-02-10,2000-02-10,Single Family,New Construction,0
Austin,2000-01-21,2000-01-21,Single Family,New Construction,0
Austin,2000-02-18,2000-02-18,Single Family,Alteration/Renovation,0
Austin,2000-01-05,2000-01-05,Single Family,New Construction,0
Austin,2000-02-16,2000-02-16,Single Family,Alteration/Renovation,0
Austin,2000-01-11,2000-01-11,Single Family,Alteration/Renovation,0
Austin,2000-01-27,2000-01-27,Single Family,Alteration/Renovation,0
Austin,2000-02-18,2000-02-18,Single Family,New Construction,0
Austin,2000-02-09,2000-02-09,Single Family,Alteration/Renovation,0
Austin,2000-02-03,2000-02-03,Single Family,Alteration/Renovation,0
Austin,2000-02-07,2000-02-07,Single Family,New Construction,0
Austin,1999-12-16,1999-12-16,Single Family,Alteration/Renovation,0
Austin,2000-02-09,2000-02-09,Single Family,Alteration/Renovation,0
Austin,2000-01-12,2000-01-12,Single Family,New Construction,0
Austin,2000-01-24,2000-01-24,Single Family,Alteration/Renovation,0
Austin,2000-01-14,2000-01-14,Single Family,Alteration/Renovation,0
Austin,2000-01-26,2000-01-26,Single Family,Alteration/Renovation,0
Austin,2000-01-31,2000-01-31,Single Family,New Construction,0
Austin,2000-01-24,2000-01-24,Single Family,Alteration/Renovation,0
Austin,2000-02-15,2000-02-15,Single Family,Alteration/Renovation,0
Austin,1999-12-22,1999-12-22,Single Family,Alteration/Renovation,0
Austin,2000-01-07,2000-01-07,Single Family,New Construction,0
Austin,2000-02-16,2000-02-16,Single Family,New Construction,0
Austin,2000-01-06,2000-01-06,Single Family,New Construction,0
Austin,2000-01-26,2000-01-26,Single Family,New Construction,0
Austin,2000-01-03,2000-01-03,Single Family,New Construction,0
Austin,2000-01-28,2000-01-28,Single Family,New Construction,0
Austin,2000-02-08,2000-02-08,Single Family,Alteration/Renovation,0
Austin,1999-12-15,1999-12-15,Single Family,Alteration/Renovation,0
Austin,2000-01-14,2000-01-14,Single Family,New Construction,0
Austin,2000-02-04,2000-02-04,Multifamily,Alteration/Renovation,0
Austin,2000-02-17,2000-02-17,Single Family,New Construction,0
Austin,2000-02-18,2000-02-18,Single Family,New Construction,0
Austin,2000-01-19,2000-01-19,Single Family,New Construction,0
Austin,1999-12-15,1999-12-15,Single Family,Alteration/Renovation,0
Austin,2000-02-03,2000-02-03,Single Family,New Construction,0
Austin,2000-01-07,2000-01-07,Single Family,New Construction,0
Austin,2000-01-28,2000-01-28,Single Family,New Construction,0
Austin,2000-02-07,2000-02-07,Single Family,Alteration/Renovation,0
Austin,1999-12-17,1999-12-17,Single Family,Alteration/Renovation,0
Austin,2000-01-25,2000-01-25,Single Family,New Construction,0
Austin,2000-02-07,2000-02-07,Single Family,New Construction,0
Austin,2000-01-28,2000-01-28,Multifamily,New Construction,0
Austin,2000-01-12,2000-01-12,Single Family,Alteration/Renovation,0
Austin,2000-01-27,2000-01-27,Single Family,Alteration/Renovation,0
Austin,2000-01-20,2000-01-20,Single Family,Alteration/Renovation,0
Austin,2000-01-26,2000-01-26,Single Family,New Construction,0
Austin,2000-01-07,2000-01-07,Single Family,New Construction,0
Austin,2000-01-31,2000-01-31,Single Family,New Construction,0
Austin,1999-12-21,1999-12-21,Single Family,Alteration/Renovation,0
Austin,2000-02-17,2000-02-17,Single Family,Alteration/Renovation,0
Austin,1999-12-22,1999-12-22,Single Family,New Construction,0
Austin,2000-02-09,2000-02-09,Single Family,New Construction,0
Austin,2000-01-11,2000-01-11,Single Family,Alteration/Renovation,0
Austin,1999-12-21,1999-12-21,Single Family,New Construction,0
Austin,1999-12-20,1999-12-20,Single Family,Alteration/Renovation,0
Austin,2000-02-16,2000-02-16,Single Family,Alteration/Renovation,0
Austin,1999-12-16,1999-12-16,Single Family,Alteration/Renovation,0
Austin,2000-01-20,2000-01-20,Multifamily,Alteration/Renovation,0
Austin,1999-12-15,1999-12-15,Single Family,New Construction,0
Austin,2000-01-25,2000-01-25,Single Family,Alteration/Renovation,0
Austin,1999-12-29,1999-12-29,Single Family,Alteration/Renovation,0
Austin,1998-12-03,1998-12-03,Single Family,Alteration/Renovation,0
Austin,2000-01-03,2000-01-03,Single Family,New Construction,0
Austin,2000-02-08,2000-02-08,Single Family,Alteration/Renovation,0
Austin,2000-01-07,2000-01-07,Single Family,Alteration/Renovation,0
Austin,2000-02-16,2000-02-16,Single Family,New Construction,0
Austin,2000-02-07,2000-02-07,Single Family,New Construction,0
Austin,2000-02-09,2000-02-09,Single Family,Alteration/Renovation,0
Austin,2000-01-06,2000-01-06,Single Family,Alteration/Renovation,0
Austin,2000-01-11,2000-01-11,Single Family,New Construction,0
Austin,2000-02-09,2000-02-09,Single Family,New Construction,0
Austin,2000-02-03,2000-02-03,Single Family,New Construction,0
Austin,2000-01-04,2000-01-04,Single Family,Alteration/Renovation,0
Austin,2000-01-04,2000-01-04,Single Family,Alteration/Renovation,0
Austin,2000-01-12,2000-01-12,Single Family,New Construction,0
Austin,1999-12-15,1999-12-15,Single Family,Alteration/Renovation,0
Austin,1999-12-17,1999-12-17,Single Family,New Construction,0
Austin,2000-01-26,2000-01-26,Single Family,New Construction,0
Austin,2000-02-18,2000-02-18,Single Family,New Construction,0
Austin,2000-01-19,2000-01-19,Single Family,New Construction,0
Austin,2000-02-18,2000-02-18,Single Family,New Construction,0
Austin,2000-01-14,2000-01-14,Single Family,Alteration/Renovation,0
Austin,1999-12-14,1999-12-14,Single Family,New Construction,0
Austin,2000-02-07,2000-02-07,Single Family,Alteration/Renovation,0
Austin,1999-12-28,1999-12-28,Single Family,New Construction,0
Austin,1999-12-16,1999-12-16,Single Family,New Construction,0
Austin,2000-01-13,2000-01-13,Single Family,Alteration/Renovation,0
Austin,2000-01-07,2000-01-07,Single Family,New Construction,0
Austin,2000-01-24,2000-01-24,Single Family,Alteration/Renovation,0
Austin,1999-12-27,1999-12-27,Single Family,Alteration/Renovation,0
Austin,2000-01-14,2000-01-14,Single Family,New Construction,0
Austin,2000-01-27,2000-01-27,Single Family,New Construction,0
Austin,2000-01-27,2000-01-27,Single Family,Alteration/Renovation,0
Austin,2000-02-01,2000-02-01,Single Family,New Construction,0
Austin,2000-01-06,2000-01-06,Single Family,Alteration/Renovation,0
Austin,1999-01-20,1999-01-20,Single Family,New Construction,0
Austin,2000-01-11,2000-01-11,Single Family,New Construction,0
Austin,1999-12-13,1999-12-13,Single Family,Alteration/Renovation,0
Austin,1999-12-23,1999-12-23,Single Family,Alteration/Renovation,0
Austin,2000-02-03,2000-02-03,Single Family,Alteration/Renovation,0
Austin,2000-02-09,2000-02-09,Single Family,New Construction,0
Austin,1999-12-27,1999-12-27,Single Family,Alteration/Renovation,0
Austin,2000-01-04,2000-01-04,Multifamily,New Construction,0
Austin,2000-02-02,2000-02-02,Single Family,New Construction,0
Austin,2000-02-01,2000-02-01,Single Family,New Construction,0
Austin,2000-01-28,2000-01-28,Single Family,New Construction,0
Austin,2000-02-22,2000-02-22,Single Family,New Construction,0
Austin,1999-12-15,1999-12-15,Single Family,Alteration/Renovation,0
Austin,2000-02-16,2000-02-16,Multifamily,New Construction,0
Austin,1999-12-22,1999-12-22,Single Family,Alteration/Renovation,0
Austin,1999-12-30,1999-12-30,Single Family,New Construction,0
Austin,2000-01-20,2000-01-20,Single Family,New Construction,0
Austin,2000-02-09,2000-02-09,Single Family,Alteration/Renovation,0
Austin,2000-02-16,2000-02-16,Single Family,Alteration/Renovation,0
Austin,1999-12-21,1999-12-21,Single Family,New Construction,0
Austin,2000-02-08,2000-02-08,Single Family,Alteration/Renovation,0
Austin,2000-01-18,2000-01-18,Multifamily,Alteration/Renovation,0
Austin,2000-02-01,2000-02-01,Single Family,Alteration/Renovation,0
Austin,2000-01-20,2000-01-20,Multifamily,New Construction,0
Austin,1999-12-20,1999-12-20,Single Family,Alteration/Renovation,0
Austin,2000-02-15,2000-02-15,Single Family,New Construction,0
Austin,2000-02-08,2000-02-08,Single Family,Alteration/Renovation,0
Austin,2000-01-26,2000-01-26,Single Family,Alteration/Renovation,0
Austin,1999-12-14,1999-12-14,Multifamily,Alteration/Renovation,0
Austin,1999-12-15,1999-12-15,Single Family,New Construction,0
Austin,2000-01-18,2000-01-18,Single Family,New Construction,0
Austin,2000-02-09,2000-02-09,Single Family,New Construction,0
Austin,2000-02-03,2000-02-03,Single Family,New Construction,0
Austin,2000-02-22,2000-02-22,Single Family,New Construction,0
Austin,2000-01-25,2000-01-25,Single Family,New Construction,0
Austin,2000-01-20,2000-01-20,Single Family,New Construction,0
Austin,2000-02-02,2000-02-02,Single Family,New Construction,0
Austin,1999-12-14,1999-12-14,Single Family,Alteration/Renovation,0
Austin,1999-12-22,1999-12-22,Single Family,Alteration/Renovation,0
Austin,2000-02-10,2000-02-10,Single Family,New Construction,0
Austin,2000-01-31,2000-01-31,Single Family,New Construction,0
Austin,2000-01-13,2000-01-13,Single Family,Alteration/Renovation,0
Austin,2000-01-11,2000-01-11,Single Family,Alteration/Renovation,0
Austin,2000-01-27,2000-01-27,Single Family,New Construction,0
Austin,1999-12-30,1999-12-30,Single Family,Alteration/Renovation,0
Austin,1999-12-17,1999-12-17,Single Family,New Construction,0
Austin,2000-02-07,2000-02-07,Single Family,New Construction,0
Austin,1999-12-26,1999-12-26,Single Family,New Construction,0
Austin,2000-01-19,2000-01-19,Single Family,Alteration/Renovation,0
Austin,1999-12-22,1999-12-22,Multifamily,New Construction,0
Austin,2000-02-17,2000-02-17,Single Family,New Construction,0
Austin,2000-01-06,2000-01-06,Single Family,Alteration/Renovation,0
Austin,1999-12-14,1999-12-14,Single Family,Alteration/Renovation,0
Austin,2000-01-14,2000-01-14,Single Family,Alteration/Renovation,0
Austin,2000-02-22,2000-02-22,Single Family,New Construction,0
Austin,2000-02-07,2000-02-07,Single Family,Alteration/Renovation,0
Austin,1999-12-30,1999-12-30,Single Family,New Construction,0
Austin,2000-01-14,2000-01-14,Single Family,New Construction,0
Austin,2000-01-10,2000-01-10,Single Family,New Construction,0
Austin,2000-01-21,2000-01-21,Single Family,New Construction,0
Austin,2000-02-08,2000-02-08,Single Family,Alteration/Renovation,0
Austin,2000-01-26,2000-01-26,Single Family,Alteration/Renovation,0
Austin,2000-01-03,2000-01-03,Single Family,Alteration/Renovation,0
Austin,1999-12-16,1999-12-16,Single Family,Alteration/Renovation,0
Austin,2000-01-05,2000-01-05,Single Family,New Construction,0
Austin,2000-02-09,2000-02-09,Single Family,New Construction,0
Austin,2000-02-18,2000-02-18,Single Family,New Construction,0
Austin,2000-01-24,2000-01-24,Single Family,Alteration/Renovation,0
Austin,2000-02-02,2000-02-02,Single Family,Alteration/Renovation,0
Austin,2000-01-28,2000-01-28,Single Family,New Construction,0
Austin,2000-01-03,2000-01-03,Single Family,New Construction,0
Austin,1999-12-28,1999-12-28,Single Family,Alteration/Renovation,0
Austin,2000-02-07,2000-02-07,Single Family,New Construction,0
Austin,1999-12-20,1999-12-20,Single Family,Alteration/Renovation,0
Austin,2000-02-04,2000-02-04,Single Family,Alteration/Renovation,0
Austin,2000-02-18,2000-02-18,Single Family,Alteration/Renovation,0
Austin,2000-01-31,2000-01-31,Single Family,Alteration/Renovation,0
Austin,2000-01-11,2000-01-11,Single Family,New Construction,0
Austin,2000-02-02,2000-02-02,Single Family,Alteration/Renovation,0
Austin,2000-01-05,2000-01-05,Single Family,New Construction,0
Austin,1999-12-27,1999-12-27,Single Family,Alteration/Renovation,0
Austin,2000-02-04,2000-02-04,Single Family,New Construction,0
Austin,1999-12-28,1999-12-28,Single Family,Alteration/Renovation,0
Austin,2000-02-09,2000-02-09,Single Family,Alteration/Renovation,0
Austin,2000-01-11,2000-01-11,Single Family,Alteration/Renovation,0
Austin,2000-01-22,2000-01-22,Single Family,New Construction,0
Austin,2000-01-28,2000-01-28,Single Family,New Construction,0
Austin,2000-01-07,2000-01-07,Single Family,Alteration/Renovation,0
Austin,2000-02-08,2000-02-08,Single Family,New Construction,0
Austin,2000-01-21,2000-01-21,Single Family,New Construction,0
Austin,2000-02-17,2000-02-17,Single Family,Alteration/Renovation,0
Austin,2000-02-08,2000-02-08,Single Family,Alteration/Renovation,0
Austin,2000-02-22,2000-02-22,Single Family,New Construction,0
Austin,2000-02-03,2000-02-03,Single Family,New Construction,0
Austin,2000-01-29,2000-01-29,Single Family,Alteration/Renovation,0
Austin,2000-01-31,2000-01-31,Single Family,New Construction,0
Austin,2000-01-14,2000-01-14,Single Family,New Construction,0
Austin,2000-02-02,2000-02-02,Single Family,New Construction,0
Austin,2000-01-21,2000-01-21,Single Family,Alteration/Renovation,0
Austin,2000-01-26,2000-01-26,Single Family,New Construction,0
Austin,2000-02-17,2000-02-17,Single Family,Alteration/Renovation,0
Austin,1999-12-27,1999-12-27,Single Family,Alteration/Renovation,0
Austin,2000-01-18,2000-01-18,Single Family,New Construction,0
Austin,2000-01-05,2000-01-05,Single Family,New Construction,0
Austin,2000-01-05,2000-01-05,Single Family,New Construction,0
Austin,1999-12-13,1999-12-13,Single Family,Alteration/Renovation,0
Austin,1999-12-21,1999-12-21,Single Family,New Construction,0
Austin,2000-02-02,2000-02-02,Single Family,New Construction,0
Austin,2000-01-14,2000-01-14,Single Family,New Construction,0
Austin,2000-01-03,2000-01-03,Single Family,New Construction,0
Austin,1999-12-17,1999-12-17,Single Family,Alteration/Renovation,0
Austin,2000-01-10,2000-01-10,Single Family,New Construction,0
Austin,2000-01-18,2000-01-18,Single Family,New Construction,0
Austin,2000-01-26,2000-01-26,Single Family,New Construction,0
Austin,2000-01-31,2000-01-31,Single Family,Alteration/Renovation,0
Austin,2000-02-08,2000-02-08,Single Family,New Construction,0
Austin,2000-02-04,2000-02-04,Single Family,Alteration/Renovation,0
Austin,1999-12-27,1999-12-27,Single Family,Alteration/Renovation,0
Austin,2000-01-19,2000-01-19,Single Family,Alteration/Renovation,0
Austin,2000-01-12,2000-01-12,Multifamily,Alteration/Renovation,0
Austin,2000-01-04,2000-01-04,Single Family,Alteration/Renovation,0
Austin,1999-12-22,1999-12-22,Single Family,Alteration/Renovation,0
Austin,2000-01-21,2000-01-21,Multifamily,New Construction,0
Austin,2000-01-14,2000-01-14,Single Family,Alteration/Renovation,0
Austin,2000-02-09,2000-02-09,Single Family,New Construction,0
Austin,1999-12-17,1999-12-17,Single Family,New Construction,0
Austin,1999-12-26,1999-12-26,Single Family,New Construction,0
Austin,2000-01-26,2000-01-26,Single Family,Alteration/Renovation,0
Austin,2000-01-27,2000-01-27,Single Family,Alteration/Renovation,0
Austin,2000-02-04,2000-02-04,Single Family,New Construction,0
Austin,2000-01-10,2000-01-10,Single Family,Alteration/Renovation,0
Austin,2000-01-21,2000-01-21,Single Family,Alteration/Renovation,0
Austin,2000-01-07,2000-01-07,Multifamily,New Construction,0
Austin,1999-12-21,1999-12-21,Single Family,Alteration/Renovation,0
Austin,2000-01-29,2000-01-29,Single Family,New Construction,0
Austin,2000-01-11,2000-01-11,Single Family,Alteration/Renovation,0
Austin,2000-01-10,2000-01-10,Single Family,Alteration/Renovation,0
Austin,2000-02-01,2000-02-01,Single Family,New Construction,0
Austin,2000-01-25,2000-01-25,Single Family,New Construction,0
Austin,2000-01-21,2000-01-21,Single Family,Alteration/Renovation,0
Austin,2000-01-06,2000-01-06,Single Family,New Construction,0
Austin,2000-02-02,2000-02-02,Single Family,New Construction,0
Austin,2000-01-27,2000-01-27,Single Family,Alteration/Renovation,0
Austin,2000-01-18,2000-01-18,Single Family,Alteration/Renovation,0
Austin,2000-02-04,2000-02-04,Single Family,New Construction,0
Austin,2000-01-05,2000-01-05,Single Family,Alteration/Renovation,0
Austin,2000-01-05,2000-01-05,Single Family,Alteration/Renovation,0
Austin,2000-01-22,2000-01-22,Single Family,Alteration/Renovation,0
Austin,2000-01-27,2000-01-27,Single Family,New Construction,0
Austin,2000-01-04,2000-01-04,Multifamily,New Construction,0
Austin,2000-01-26,2000-01-26,Single Family,Alteration/Renovation,0
Austin,2000-01-14,2000-01-14,Single Family,Alteration/Renovation,0
Austin,2000-01-11,2000-01-11,Single Family,New Construction,0
Austin,2000-01-04,2000-01-04,Single Family,Alteration/Renovation,0
Austin,2000-02-03,2000-02-03,Single Family,Alteration/Renovation,0
Austin,2000-01-11,2000-01-11,Single Family,New Construction,0
Austin,1999-01-21,1999-01-21,Single Family,Alteration/Renovation,0
Austin,2000-01-07,2000-01-07,Single Family,New Construction,0
Austin,2000-01-18,2000-01-18,Single Family,New Construction,0
Austin,2000-02-17,2000-02-17,Single Family,New Construction,0
Austin,2000-02-04,2000-02-04,Single Family,New Construction,0
Austin,2000-01-25,2000-01-25,Single Family,New Construction,0
Austin,2000-02-03,2000-02-03,Single Family,New Construction,0
Austin,2000-01-29,2000-01-29,Single Family,Alteration/Renovation,0
Austin,2000-02-18,2000-02-18,Single Family,New Construction,0
Austin,2000-01-07,2000-01-07,Single Family,New Construction,0
Austin,2000-02-07,2000-02-07,Single Family,Alteration/Renovation,0
Austin,2000-02-17,2000-02-17,Single Family,Alteration/Renovation,0
Austin,2000-01-25,2000-01-25,Single Family,Alteration/Renovation,0
Austin,2000-01-25,2000-01-25,Single Family,Alteration/Renovation,0
Austin,1999-12-20,1999-12-20,Single Family,New Construction,0
Austin,2000-01-04,2000-01-04,Multifamily,New Construction,0
Austin,2000-01-25,2000-01-25,Single Family,New Construction,0
Austin,1999-12-15,1999-12-15,Single Family,New Construction,0
Austin,2000-02-08,2000-02-08,Single Family,Alteration/Renovation,0
Austin,2000-01-26,2000-01-26,Single Family,New Construction,0
Austin,2000-01-26,2000-01-26,Single Family,New Construction,0
Austin,2000-02-02,2000-02-02,Single Family,Alteration/Renovation,0
Austin,2000-01-24,2000-01-24,Single Family,Alteration/Renovation,0
Austin,2000-01-22,2000-01-22,Single Family,New Construction,0
Austin,2000-01-25,2000-01-25,Single Family,New Construction,0
Austin,2000-02-22,2000-02-22,Single Family,New Construction,0
Austin,2000-02-07,2000-02-07,Single Family,Alteration/Renovation,0
Austin,1999-12-22,1999-12-22,Multifamily,New Construction,0
Austin,2000-02-03,2000-02-03,Single Family,New Construction,0
Austin,1999-12-17,1999-12-17,Single Family,Alteration/Renovation,0
Austin,2000-01-10,2000-01-10,Single Family,New Construction,0
Austin,2000-01-27,2000-01-27,Single Family,Alteration/Renovation,0
Austin,2000-01-21,2000-01-21,Single Family,Alteration/Renovation,0
Austin,2000-01-10,2000-01-10,Single Family,Alteration/Renovation,0
Austin,2000-01-19,2000-01-19,Single Family,New Construction,0
Austin,2000-01-10,2000-01-10,Single Family,New Construction,0
Austin,2000-01-11,2000-01-11,Single Family,Alteration/Renovation,0
Austin,1999-12-30,1999-12-30,Single Family,New Construction,0
Austin,1999-12-30,1999-12-30,Single Family,Alteration/Renovation,0
Austin,1999-12-21,1999-12-21,Single Family,Alteration/Renovation,0
Austin,1999-12-14,1999-12-14,Single Family,New Construction,0
Austin,1999-12-28,1999-12-28,Single Family,Alteration/Renovation,0
Austin,2000-02-22,2000-02-22,Single Family,New Construction,0
Austin,2000-01-18,2000-01-18,Multifamily,Alteration/Renovation,0
Austin,2000-01-07,2000-01-07,Single Family,New Construction,0
Austin,2000-01-11,2000-01-11,Single Family,New Construction,0
Austin,2000-01-10,2000-01-10,Single Family,New Construction,0
Austin,2000-02-18,2000-02-18,Single Family,New Construction,0
Austin,2000-02-09,2000-02-09,Multifamily,Alteration/Renovation,0
Austin,2000-01-11,2000-01-11,Single Family,Alteration/Renovation,0
Austin,2000-01-29,2000-01-29,Single Family,Alteration/Renovation,0
Austin,2000-01-12,2000-01-12,Single Family,Alteration/Renovation,0
Austin,2000-01-05,2000-01-05,Single Family,New Construction,0
Austin,1999-12-14,1999-12-14,Single Family,New Construction,0
Austin,2000-02-01,2000-02-01,Single Family,New Construction,0
Austin,2000-01-31,2000-01-31,Single Family,New Construction,0
Austin,1999-12-28,1999-12-28,Single Family,New Construction,0
Austin,2000-02-02,2000-02-02,Single Family,Alteration/Renovation,0
Austin,2000-01-14,2000-01-14,Single Family,New Construction,0
Austin,1999-12-16,1999-12-16,Single Family,Alteration/Renovation,0
Austin,1999-12-28,1999-12-28,Single Family,New Construction,0
Austin,1999-12-27,1999-12-27,Single Family,Alteration/Renovation,0
Austin,2000-01-28,2000-01-28,Single Family,New Construction,0
Austin,2000-01-27,2000-01-27,Single Family,New Construction,0
Austin,2000-01-20,2000-01-20,Multifamily,New Construction,0
Austin,1999-12-21,1999-12-21,Single Family,Alteration/Renovation,0
Austin,2000-02-03,2000-02-03,Single Family,New Construction,0
Austin,1999-01-19,1999-01-19,Single Family,New Construction,0
Austin,2000-01-12,2000-01-12,Single Family,Alteration/Renovation,0
Austin,2000-01-29,2000-01-29,Single Family,Alteration/Renovation,0
Austin,2000-01-18,2000-01-18,Single Family,Alteration/Renovation,0
Austin,2000-01-14,2000-01-14,Single Family,New Construction,0
Austin,2000-02-01,2000-02-01,Single Family,New Construction,0
Austin,2000-02-04,2000-02-04,Single Family,New Construction,0
Austin,2000-02-03,2000-02-03,Single Family,New Construction,0
Austin,2000-01-18,2000-01-18,Multifamily,New Construction,0
Austin,2000-02-02,2000-02-02,Single Family,Alteration/Renovation,0
Austin,2000-01-21,2000-01-21,Single Family,Alteration/Renovation,0
Austin,2000-01-26,2000-01-26,Single Family,Alteration/Renovation,0
Austin,2000-01-21,2000-01-21,Single Family,Alteration/Renovation,0
Austin,2000-01-20,2000-01-20,Single Family,New Construction,0
Austin,2000-01-18,2000-01-18,Single Family,New Construction,0
Austin,2000-02-18,2000-02-18,Single Family,Alteration/Renovation,0
Austin,2000-01-22,2000-01-22,Single Family,Alteration/Renovation,0
Austin,2000-01-24,2000-01-24,Single Family,Alteration/Renovation,0
Austin,2000-02-09,2000-02-09,Single Family,New Construction,0
Austin,2000-02-18,2000-02-18,Single Family,New Construction,0
Austin,1999-12-16,1999-12-16,Single Family,Alteration/Renovation,0
Austin,2000-02-17,2000-02-17,Multifamily,Alteration/Renovation,0
Austin,2000-02-05,2000-02-05,Single Family,New Construction,0
Austin,1998-12-17,1998-12-17,Single Family,New Construction,0
Austin,2000-01-26,2000-01-26,Single Family,Alteration/Renovation,0
Austin,2000-02-05,2000-02-05,Single Family,New Construction,0
Austin,2000-02-16,2000-02-16,Single Family,Alteration/Renovation,0
Austin,2000-01-04,2000-01-04,Single Family,New Construction,0
Austin,2000-01-18,2000-01-18,Single Family,Alteration/Renovation,0
Austin,2000-01-13,2000-01-13,Single Family,Alteration/Renovation,0
Austin,2000-02-22,2000-02-22,Single Family,Alteration/Renovation,0
Austin,2000-01-13,2000-01-13,Single Family,New Construction,0
Austin,2000-02-07,2000-02-07,Single Family,New Construction,0
Austin,2000-02-15,2000-02-15,Single Family,New Construction,0
Austin,2000-02-17,2000-02-17,Single Family,New Construction,0
Austin,2000-01-19,2000-01-19,Single Family,New Construction,0
Austin,1999-12-17,1999-12-17,Single Family,Alteration/Renovation,0
Austin,1999-12-15,1999-12-15,Single Family,New Construction,0
Austin,2000-02-09,2000-02-09,Single Family,New Construction,0
Austin,2000-01-20,2000-01-20,Multifamily,New Construction,0
Austin,1999-12-21,1999-12-21,Single Family,New Construction,0
Austin,2000-01-10,2000-01-10,Single Family,New Construction,0
Austin,1999-12-23,1999-12-23,Single Family,Alteration/Renovation,0
Austin,2000-01-21,2000-01-21,Single Family,Alteration/Renovation,0
Austin,2000-01-12,2000-01-12,Single Family,New Construction,0
Austin,2000-02-16,2000-02-16,Multifamily,New Construction,0
Austin,2000-02-01,2000-02-01,Single Family,New Construction,0
Austin,1999-12-30,1999-12-30,Single Family,New Construction,0
Austin,2000-02-08,2000-02-08,Single Family,New Construction,0
Austin,2000-02-01,2000-02-01,Single Family,New Construction,0
Austin,2000-01-19,2000-01-19,Single Family,Alteration/Renovation,0
Austin,2000-01-24,2000-01-24,Single Family,New Construction,0
Austin,2000-01-27,2000-01-27,Single Family,New Construction,0
Austin,2000-01-06,2000-01-06,Single Family,Alteration/Renovation,0
Austin,2000-01-18,2000-01-18,Single Family,Alteration/Renovation,0
Austin,2000-02-04,2000-02-04,Single Family,New Construction,0
Austin,1999-12-17,1999-12-17,Single Family,Alteration/Renovation,0
Austin,2000-02-04,2000-02-04,Single Family,Alteration/Renovation,0
Austin,2000-01-12,2000-01-12,Single Family,New Construction,0
Austin,2000-02-16,2000-02-16,Single Family,Alteration/Renovation,0
Austin,2000-01-18,2000-01-18,Single Family,New Construction,0
Austin,1999-12-23,1999-12-23,Single Family,Alteration/Renovation,0
Austin,1999-12-14,1999-12-14,Single Family,New Construction,0
Austin,2000-01-28,2000-01-28,Single Family,New Construction,0
Austin,2000-01-28,2000-01-28,Multifamily,New Construction,0
Austin,2000-01-04,2000-01-04,Single Family,Alteration/Renovation,0
Austin,2000-02-18,2000-02-18,Single Family,Alteration/Renovation,0
Austin,2000-01-18,2000-01-18,Single Family,New Construction,0
Austin,1999-12-15,1999-12-15,Single Family,New Construction,0
Austin,2000-01-28,2000-01-28,Single Family,New Construction,0
Austin,2000-01-31,2000-01-31,Single Family,New Construction,0
Austin,2000-01-29,2000-01-29,Single Family,New Construction,0
Austin,2000-01-03,2000-01-03,Single Family,Alteration/Renovation,0
Austin,2000-01-03,2000-01-03,Single Family,New Construction,0
Austin,1999-12-29,1999-12-29,Single Family,Alteration/Renovation,0
Austin,1999-12-16,1999-12-16,Single Family,New Construction,0
Austin,2000-01-18,2000-01-18,Single Family,New Construction,0
Austin,2000-02-04,2000-02-04,Single Family,Alteration/Renovation,0
Austin,2000-02-01,2000-02-01,Single Family,Alteration/Renovation,0
Austin,2000-02-01,2000-02-01,Single Family,New Construction,0
Austin,2000-01-21,2000-01-21,Single Family,Alteration/Renovation,0
Austin,2000-01-11,2000-01-11,Single Family,Alteration/Renovation,0
Austin,1999-12-13,1999-12-13,Single Family,New Construction,0
Austin,2000-02-17,2000-02-17,Single Family,Alteration/Renovation,0
Austin,2000-02-01,2000-02-01,Single Family,New Construction,0
Austin,2000-01-19,2000-01-19,Multifamily,Alteration/Renovation,0
Austin,1999-12-15,1999-12-15,Single Family,Alteration/Renovation,0
Austin,2000-01-14,2000-01-14,Single Family,New Construction,0
Austin,2000-02-07,2000-02-07,Single Family,New Construction,0
Austin,1999-12-23,1999-12-23,Single Family,New Construction,0
Austin,1998-12-08,1998-12-08,Single Family,Alteration/Renovation,0
Austin,2000-01-03,2000-01-03,Single Family,New Construction,0
Austin,2000-02-16,2000-02-16,Single Family,New Construction,0
Austin,2000-02-16,2000-02-16,Single Family,New Construction,0
Austin,2000-01-12,2000-01-12,Single Family,Alteration/Renovation,0
Austin,2000-02-02,2000-02-02,Single Family,New Construction,0
Austin,2000-01-28,2000-01-28,Single Family,New Construction,0
Austin,1999-12-14,1999-12-14,Multifamily,Alteration/Renovation,0
Austin,2000-02-03,2000-02-03,Single Family,Alteration/Renovation,0
Austin,2000-01-04,2000-01-04,Single Family,New Construction,0
Austin,2000-01-26,2000-01-26,Single Family,Alteration/Renovation,0
Austin,2000-01-27,2000-01-27,Single Family,Alteration/Renovation,0
Austin,2000-01-11,2000-01-11,Single Family,Alteration/Renovation,0
Austin,2000-02-08,2000-02-08,Single Family,New Construction,0
Austin,2000-01-27,2000-01-27,Single Family,New Construction,0
Austin,2000-01-26,2000-01-26,Single Family,New Construction,0
Austin,2000-01-14,2000-01-14,Single Family,New Construction,0
Austin,2000-01-25,2000-01-25,Single Family,New Construction,0
Austin,2000-02-09,2000-02-09,Single Family,Alteration/Renovation,0
Austin,2000-01-06,2000-01-06,Single Family,New Construction,0
Austin,2000-01-04,2000-01-04,Single Family,Alteration/Renovation,0
Austin,2000-01-18,2000-01-18,Single Family,New Construction,0
Austin,2000-02-02,2000-02-02,Single Family,Alteration/Renovation,0
Austin,2000-01-20,2000-01-20,Single Family,New Construction,0
Austin,2000-01-19,2000-01-19,Single Family,Alteration/Renovation,0
Austin,2000-01-06,2000-01-06,Single Family,Alteration/Renovation,0
Austin,2000-01-20,2000-01-20,Single Family,New Construction,0
Austin,2000-01-20,2000-01-20,Single Family,Alteration/Renovation,0
Austin,2000-01-21,2000-01-21,Single Family,Alteration/Renovation,0
Austin,2000-01-06,2000-01-06,Single Family,Alteration/Renovation,0
Austin,2000-01-31,2000-01-31,Single Family,New Construction,0
Austin,2000-02-17,2000-02-17,Single Family,New Construction,0
Austin,1999-12-15,1999-12-15,Single Family,New Construction,0
Austin,2000-02-07,2000-02-07,Single Family,New Construction,0
Austin,1999-12-22,1999-12-22,Single Family,New Construction,0
Austin,1999-12-14,1999-12-14,Single Family,Alteration/Renovation,0
Austin,2000-01-12,2000-01-12,Single Family,Alteration/Renovation,0
Austin,2000-02-03,2000-02-03,Single Family,New Construction,0
Austin,2000-02-04,2000-02-04,Single Family,Alteration/Renovation,0
Austin,2000-02-02,2000-02-02,Single Family,New Construction,0
Austin,2000-02-04,2000-02-04,Single Family,New Construction,0
Austin,1999-12-27,1999-12-27,Single Family,Alteration/Renovation,0
Austin,2000-01-24,2000-01-24,Single Family,Alteration/Renovation,0
Austin,2000-01-22,2000-01-22,Single Family,Alteration/Renovation,0
Austin,2000-01-14,2000-01-14,Single Family,Alteration/Renovation,0
Austin,1999-12-14,1999-12-14,Single Family,Alteration/Renovation,0
Austin,2000-01-03,2000-01-03,Single Family,New Construction,0
Austin,2000-02-04,2000-02-04,Single Family,New Construction,0
Austin,2000-02-10,2000-02-10,Single Family,Alteration/Renovation,0
Austin,2000-01-18,2000-01-18,Multifamily,Alteration/Renovation,0
Austin,2000-01-05,2000-01-05,Single Family,New Construction,0
Austin,2000-01-03,2000-01-03,Single Family,New Construction,0
Austin,2000-01-27,2000-01-27,Single Family,Alteration/Renovation,0
Austin,1999-12-30,1999-12-30,Single Family,Alteration/Renovation,0
Austin,2000-02-04,2000-02-04,Single Family,Alteration/Renovation,0
Austin,2000-01-04,2000-01-04,Single Family,New Construction,0
Austin,2000-01-12,2000-01-12,Single Family,Alteration/Renovation,0
Austin,2000-01-18,2000-01-18,Single Family,New Construction,0
Austin,2000-01-28,2000-01-28,Multifamily,New Construction,0
Austin,2000-02-16,2000-02-16,Single Family,Alteration/Renovation,0
Austin,2000-02-08,2000-02-08,Single Family,New Construction,0
Austin,2000-02-22,2000-02-22,Single Family,Alteration/Renovation,0
Austin,2000-01-26,2000-01-26,Single Family,New Construction,0
Austin,2000-01-31,2000-01-31,Single Family,Alteration/Renovation,0
Austin,2000-02-04,2000-02-04,Single Family,Alteration/Renovation,0
Austin,1999-12-29,1999-12-29,Single Family,New Construction,0
Austin,2000-02-04,2000-02-04,Single Family,New Construction,0
Austin,2000-01-28,2000-01-28,Single Family,Alteration/Renovation,0
Austin,2000-01-03,2000-01-03,Single Family,New Construction,0
Austin,2000-01-03,2000-01-03,Single Family,New Construction,0
Austin,2000-01-31,2000-01-31,Single Family,Alteration/Renovation,0
Austin,2000-01-24,2000-01-24,Single Family,Alteration/Renovation,0
Austin,1999-12-17,1999-12-17,Single Family,Alteration/Renovation,0
Austin,2000-01-18,2000-01-18,Single Family,New Construction,0
Austin,1999-12-14,1999-12-14,Single Family,Alteration/Renovation,0
Austin,2000-01-27,2000-01-27,Single Family,Alteration/Renovation,0
Austin,2000-01-19,2000-01-19,Single Family,New Construction,0
Austin,2000-01-27,2000-01-27,Single Family,Alteration/Renovation,0
Austin,2000-02-09,2000-02-09,Single Family,Alteration/Renovation,0
Austin,2000-02-03,2000-02-03,Single Family,New Construction,0
Austin,2000-01-06,2000-01-06,Single Family,Alteration/Renovation,0
Austin,2000-02-01,2000-02-01,Single Family,Alteration/Renovation,0
Austin,2000-01-21,2000-01-21,Single Family,New Construction,0
Austin,2000-02-17,2000-02-17,Single Family,New Construction,0
Austin,1999-12-17,1999-12-17,Single Family,Alteration/Renovation,0
Austin,1999-12-14,1999-12-14,Single Family,Alteration/Renovation,0
Austin,2000-01-13,2000-01-13,Single Family,Alteration/Renovation,0
Austin,2000-02-01,2000-02-01,Single Family,Alteration/Renovation,0
Austin,2000-02-01,2000-02-01,Single Family,Alteration/Renovation,0
Austin,2000-01-18,2000-01-18,Single Family,New Construction,0
Austin,2000-02-04,2000-02-04,Single Family,New Construction,0
Austin,1999-12-22,1999-12-22,Single Family,New Construction,0
Austin,2000-01-05,2000-01-05,Single Family,New Construction,0
Austin,2000-01-25,2000-01-25,Single Family,New Construction,0
Austin,2000-01-27,2000-01-27,Single Family,Alteration/Renovation,0
Austin,2000-01-14,2000-01-14,Single Family,New Construction,0
Austin,2000-01-29,2000-01-29,Single Family,Alteration/Renovation,0
Austin,2000-01-20,2000-01-20,Single Family,New Construction,0
Austin,1999-12-15,1999-12-15,Single Family,New Construction,0
Austin,2000-02-09,2000-02-09,Single Family,New Construction,0
Austin,1999-12-22,1999-12-22,Single Family,New Construction,0
Austin,2000-01-14,2000-01-14,Single Family,Alteration/Renovation,0
Austin,1999-12-21,1999-12-21,Single Family,Alteration/Renovation,0
Austin,2000-01-03,2000-01-03,Single Family,New Construction,0
Austin,2000-02-07,2000-02-07,Single Family,New Construction,0
Austin,2000-01-21,2000-01-21,Single Family,Alteration/Renovation,0
Austin,2000-01-27,2000-01-27,Single Family,Alteration/Renovation,0
Austin,2000-01-12,2000-01-12,Single Family,Alteration/Renovation,0
Austin,2000-01-24,2000-01-24,Single Family,New Construction,0
Austin,2000-02-03,2000-02-03,Single Family,New Construction,0
Austin,2000-01-31,2000-01-31,Single Family,Alteration/Renovation,0
Austin,2000-02-10,2000-02-10,Single Family,Alteration/Renovation,0
Austin,2000-02-01,2000-02-01,Single Family,Alteration/Renovation,0
Austin,2000-01-19,2000-01-19,Single Family,New Construction,0
Austin,2000-02-07,2000-02-07,Single Family,Alteration/Renovation,0
Austin,1999-12-14,1999-12-14,Single Family,New Construction,0
Austin,2000-02-02,2000-02-02,Single Family,Alteration/Renovation,0
Austin,2000-01-27,2000-01-27,Single Family,New Construction,0
Austin,1999-12-29,1999-12-29,Single Family,New Construction,0
Austin,1999-12-14,1999-12-14,Single Family,New Construction,0
Austin,2000-02-15,2000-02-15,Single Family,New Construction,0
Austin,2000-01-07,2000-01-07,Single Family,New Construction,0
Austin,1999-12-14,1999-12-14,Single Family,Alteration/Renovation,0
Austin,2000-01-07,2000-01-07,Single Family,New Construction,0
Austin,2000-01-04,2000-01-04,Multifamily,New Construction,0
Austin,2000-01-10,2000-01-10,Single Family,Alteration/Renovation,0
Austin,2000-01-27,2000-01-27,Single Family,Alteration/Renovation,0
Austin,2000-01-11,2000-01-11,Single Family,Alteration/Renovation,0
Austin,1999-12-16,1999-12-16,Single Family,Alteration/Renovation,0
Austin,2000-01-20,2000-01-20,Single Family,Alteration/Renovation,0
Austin,1999-12-22,1999-12-22,Single Family,New Construction,0
Austin,1999-12-30,1999-12-30,Single Family,New Construction,0
Austin,1999-12-13,1999-12-13,Single Family,Alteration/Renovation,0
Austin,2000-02-04,2000-02-04,Single Family,Alteration/Renovation,0
Austin,2000-01-10,2000-01-10,Single Family,New Construction,0
Austin,2000-02-18,2000-02-18,Single Family,Alteration/Renovation,0
Austin,2000-02-04,2000-02-04,Single Family,New Construction,0
Austin,2000-01-24,2000-01-24,Single Family,New Construction,0
Austin,2000-02-04,2000-02-04,Single Family,Alteration/Renovation,0
Austin,2000-01-28,2000-01-28,Single Family,Alteration/Renovation,0
Austin,2000-01-10,2000-01-10,Single Family,Alteration/Renovation,0
Austin,2000-01-06,2000-01-06,Single Family,Alteration/Renovation,0
Austin,1999-12-26,1999-12-26,Single Family,New Construction,0
Austin,2000-01-28,2000-01-28,Multifamily,New Construction,0
Austin,2000-02-15,2000-02-15,Single Family,New Construction,0
Austin,2000-01-31,2000-01-31,Single Family,Alteration/Renovation,0
Austin,2000-01-25,2000-01-25,Single Family,New Construction,0
Austin,2000-01-29,2000-01-29,Single Family,Alteration/Renovation,0
Austin,2000-02-03,2000-02-03,Single Family,New Construction,0
Austin,2000-01-31,2000-01-31,Single Family,Alteration/Renovation,0
Austin,2000-01-28,2000-01-28,Single Family,Alteration/Renovation,0
Austin,2000-02-07,2000-02-07,Single Family,Alteration/Renovation,0
Austin,2000-01-26,2000-01-26,Single Family,Alteration/Renovation,0
Austin,2000-01-12,2000-01-12,Multifamily,Alteration/Renovation,0
Austin,2000-01-04,2000-01-04,Multifamily,New Construction,0
Austin,2000-02-03,2000-02-03,Single Family,New Construction,0
Austin,1999-12-14,1999-12-14,Single Family,Alteration/Renovation,0
Austin,1999-12-14,1999-12-14,Single Family,New Construction,0
Austin,2000-01-27,2000-01-27,Single Family,Alteration/Renovation,0
Austin,2000-02-08,2000-02-08,Single Family,Alteration/Renovation,0
Austin,1999-12-22,1999-12-22,Single Family,New Construction,0
Austin,1999-12-27,1999-12-27,Single Family,Alteration/Renovation,0
Austin,2000-02-02,2000-02-02,Single Family,Alteration/Renovation,0
Austin,2000-02-22,2000-02-22,Single Family,New Construction,0
Austin,1999-12-20,1999-12-20,Single Family,Alteration/Renovation,0
Austin,2000-01-12,2000-01-12,Single Family,Alteration/Renovation,0
Austin,2000-01-13,2000-01-13,Single Family,New Construction,0
Austin,2000-01-05,2000-01-05,Single Family,Alteration/Renovation,0
Austin,1998-12-01,1998-12-01,Single Family,Alteration/Renovation,0
Austin,2000-01-21,2000-01-21,Single Family,New Construction,0
Austin,2000-01-10,2000-01-10,Single Family,New Construction,0
Austin,2000-02-03,2000-02-03,Single Family,New Construction,0
Austin,2000-01-20,2000-01-20,Multifamily,New Construction,0
Austin,2000-02-03,2000-02-03,Single Family,Alteration/Renovation,0
Austin,2000-02-09,2000-02-09,Single Family,New Construction,0
Austin,2000-01-10,2000-01-10,Single Family,New Construction,0
Austin,2000-02-22,2000-02-22,Single Family,Alteration/Renovation,0
Austin,2000-01-11,2000-01-11,Single Family,Alteration/Renovation,0
Austin,2000-01-12,2000-01-12,Single Family,New Construction,0
Austin,2000-02-03,2000-02-03,Single Family,Alteration/Renovation,0
Austin,2000-02-18,2000-02-18,Single Family,New Construction,0
Austin,2000-02-07,2000-02-07,Single Family,New Construction,0
Austin,2000-02-08,2000-02-08,Single Family,Alteration/Renovation,0
Austin,2000-02-07,2000-02-07,Single Family,New Construction,0
Austin,2000-02-17,2000-02-17,Single Family,Alteration/Renovation,0
Austin,2000-01-27,2000-01-27,Single Family,Alteration/Renovation,0
Austin,2000-01-07,2000-01-07,Single Family,New Construction,0
Austin,1999-12-30,1999-12-30,Single Family,New Construction,0
Austin,1999-12-15,1999-12-15,Single Family,Alteration/Renovation,0
Austin,2000-01-07,2000-01-07,Single Family,Alteration/Renovation,0
Austin,2000-02-02,2000-02-02,Single Family,New Construction,0
Austin,1999-12-22,1999-12-22,Single Family,Alteration/Renovation,0
Austin,2000-02-01,2000-02-01,Single Family,New Construction,0
Austin,2000-01-24,2000-01-24,Single Family,New Construction,0
Austin,2000-01-12,2000-01-12,Single Family,Alteration/Renovation,0
Austin,2000-01-21,2000-01-21,Multifamily,New Construction,0
Austin,2000-01-25,2000-01-25,Single Family,New Construction,0
Austin,1999-12-29,1999-12-29,Single Family,Alteration/Renovation,0
Austin,2000-01-24,2000-01-24,Single Family,Alteration/Renovation,0
Austin,2000-01-26,2000-01-26,Single Family,Alteration/Renovation,0
Austin,2000-02-08,2000-02-08,Single Family,New Construction,0
Austin,2000-01-26,2000-01-26,Single Family,New Construction,0
Austin,2000-01-14,2000-01-14,Single Family,New Construction,0
Austin,2000-01-11,2000-01-11,Single Family,Alteration/Renovation,0
Austin,2000-02-02,2000-02-02,Single Family,New Construction,0
Austin,2000-01-31,2000-01-31,Single Family,New Construction,0
Austin,2000-01-12,2000-01-12,Single Family,Alteration/Renovation,0
Austin,2000-01-11,2000-01-11,Single Family,Alteration/Renovation,0
Austin,2000-01-24,2000-01-24,Single Family,Alteration/Renovation,0
Austin,2000-02-17,2000-02-17,Single Family,Alteration/Renovation,0
Austin,1999-12-21,1999-12-21,Single Family,New Construction,0
Austin,2000-01-14,2000-01-14,Single Family,New Construction,0
Austin,1999-12-27,1999-12-27,Single Family,New Construction,0
Austin,2000-01-22,2000-01-22,Single Family,Alteration/Renovation,0
Austin,2000-02-16,2000-02-16,Single Family,New Construction,0
Austin,2000-02-16,2000-02-16,Single Family,New Construction,0
Austin,2000-02-04,2000-02-04,Single Family,New Construction,0
Austin,2000-01-06,2000-01-06,Single Family,New Construction,0
Austin,2000-01-21,2000-01-21,Multifamily,New Construction,0
Austin,2000-01-04,2000-01-04,Multifamily,New Construction,0
Austin,2000-02-15,2000-02-15,Single Family,New Construction,0
Austin,1999-12-14,1999-12-14,Single Family,Alteration/Renovation,0
Austin,1999-12-13,1999-12-13,Single Family,Alteration/Renovation,0
Austin,2000-01-25,2000-01-25,Single Family,New Construction,0
Austin,2000-02-01,2000-02-01,Single Family,Alteration/Renovation,0
Austin,2000-01-25,2000-01-25,Single Family,Alteration/Renovation,0
Austin,1999-12-15,1999-12-15,Single Family,New Construction,0
Austin,2000-02-04,2000-02-04,Single Family,New Construction,0
Austin,2000-01-21,2000-01-21,Single Family,Alteration/Renovation,0
Austin,2000-01-14,2000-01-14,Single Family,New Construction,0
Austin,2000-01-03,2000-01-03,Single Family,New Construction,0
Austin,2000-01-06,2000-01-06,Single Family,Alteration/Renovation,0
Austin,2000-02-15,2000-02-15,Single Family,Alteration/Renovation,0
Austin,2000-01-19,2000-01-19,Single Family,New Construction,0
Austin,1999-12-22,1999-12-22,Single Family,Alteration/Renovation,0
Austin,2000-01-25,2000-01-25,Single Family,New Construction,0
Austin,2000-01-20,2000-01-20,Single Family,Alteration/Renovation,0
Austin,2000-02-18,2000-02-18,Single Family,Alteration/Renovation,0
Austin,1999-12-15,1999-12-15,Single Family,New Construction,0
Austin,2000-02-16,2000-02-16,Single Family,New Construction,0
Austin,2000-01-24,2000-01-24,Single Family,Alteration/Renovation,0
Austin,2000-02-22,2000-02-22,Single Family,New Construction,0
Austin,2000-01-28,2000-01-28,Single Family,Alteration/Renovation,0
Austin,2000-01-10,2000-01-10,Single Family,New Construction,0
Austin,2000-01-12,2000-01-12,Single Family,Alteration/Renovation,0
Austin,1999-12-20,1999-12-20,Multifamily,Alteration/Renovation,0
Austin,2000-02-08,2000-02-08,Single Family,Alteration/Renovation,0
Austin,2000-01-26,2000-01-26,Single Family,Alteration/Renovation,0
Austin,2000-01-11,2000-01-11,Single Family,New Construction,0
Austin,2000-01-07,2000-01-07,Single Family,Alteration/Renovation,0
Austin,2000-01-20,2000-01-20,Single Family,Alteration/Renovation,0
Austin,2000-01-12,2000-01-12,Single Family,New Construction,0
Austin,1999-12-20,1999-12-20,Single Family,New Construction,0
Austin,2000-01-10,2000-01-10,Single Family,Alteration/Renovation,0
Austin,2000-01-06,2000-01-06,Single Family,Alteration/Renovation,0
Austin,1999-12-14,1999-12-14,Single Family,Alteration/Renovation,0
Austin,2000-01-18,2000-01-18,Single Family,Alteration/Renovation,0
Austin,2000-02-08,2000-02-08,Single Family,Alteration/Renovation,0
Austin,2000-01-10,2000-01-10,Single Family,New Construction,0
Austin,2000-01-20,2000-01-20,Multifamily,New Construction,0
Austin,2000-02-04,2000-02-04,Single Family,New Construction,0
Austin,2000-01-12,2000-01-12,Single Family,New Construction,0
Austin,2000-02-08,2000-02-08,Single Family,New Construction,0
Austin,2000-02-02,2000-02-02,Single Family,Alteration/Renovation,0
Austin,2000-01-25,2000-01-25,Single Family,Alteration/Renovation,0
Austin,1999-12-20,1999-12-20,Single Family,Alteration/Renovation,0
Austin,2000-01-25,2000-01-25,Single Family,New Construction,0
Austin,1999-12-21,1999-12-21,Single Family,Alteration/Renovation,0
Austin,1999-12-14,1999-12-14,Single Family,Alteration/Renovation,0
Austin,2000-01-21,2000-01-21,Single Family,Alteration/Renovation,0
Austin,2000-01-31,2000-01-31,Single Family,New Construction,0
Austin,2000-01-27,2000-01-27,Single Family,New Construction,0
Austin,2000-01-07,2000-01-07,Single Family,Alteration/Renovation,0
Austin,2000-01-20,2000-01-20,Single Family,New Construction,0
Austin,2000-02-08,2000-02-08,Single Family,New Construction,0
Austin,2000-01-25,2000-01-25,Single Family,New Construction,0
Austin,2000-02-03,2000-02-03,Single Family,New Construction,0
Austin,2000-01-31,2000-01-31,Single Family,Alteration/Renovation,0
Austin,1999-12-14,1999-12-14,Single Family,New Construction,0
Austin,2000-01-20,2000-01-20,Single Family,New Construction,0
Austin,2000-01-24,2000-01-24,Single Family,Alteration/Renovation,0
Austin,2000-02-18,2000-02-18,Single Family,New Construction,0
Austin,2000-02-16,2000-02-16,Single Family,Alteration/Renovation,0
Austin,2000-02-18,2000-02-18,Single Family,Alteration/Renovation,0
Austin,2000-01-19,2000-01-19,Single Family,New Construction,0
Austin,2000-01-20,2000-01-20,Multifamily,New Construction,0
Austin,1999-12-17,1999-12-17,Single Family,New Construction,0
Austin,2000-01-14,2000-01-14,Single Family,Alteration/Renovation,0
Austin,2000-01-10,2000-01-10,Single Family,New Construction,0
Austin,2000-01-11,2000-01-11,Single Family,Alteration/Renovation,0
Austin,2000-01-11,2000-01-11,Single Family,New Construction,0
Austin,2000-02-01,2000-02-01,Single Family,New Construction,0
Austin,2000-01-19,2000-01-19,Single Family,Alteration/Renovation,0
Austin,2000-01-21,2000-01-21,Single Family,Alteration/Renovation,0
Austin,2000-01-07,2000-01-07,Single Family,New Construction,0
Austin,2000-01-18,2000-01-18,Single Family,Alteration/Renovation,0
Austin,1999-12-20,1999-12-20,Single Family,Alteration/Renovation,0
Austin,1999-12-27,1999-12-27,Single Family,Alteration/Renovation,0
Austin,1999-12-17,1999-12-17,Single Family,Alteration/Renovation,0
Austin,2000-01-19,2000-01-19,Single Family,New Construction,0
Austin,2000-01-27,2000-01-27,Single Family,Alteration/Renovation,0
Austin,2000-02-15,2000-02-15,Single Family,New Construction,0
Austin,2000-01-26,2000-01-26,Single Family,New Construction,0
Austin,2000-01-31,2000-01-31,Single Family,Alteration/Renovation,0
Austin,2000-01-10,2000-01-10,Single Family,New Construction,0
Austin,2000-01-12,2000-01-12,Single Family,New Construction,0
Austin,2000-01-19,2000-01-19,Single Family,Alteration/Renovation,0
Austin,2000-02-04,2000-02-04,Single Family,New Construction,0
Austin,2000-02-02,2000-02-02,Single Family,Alteration/Renovation,0
Austin,2000-02-16,2000-02-16,Single Family,New Construction,0
Austin,2000-01-07,2000-01-07,Single Family,Alteration/Renovation,0
Austin,2000-01-28,2000-01-28,Multifamily,New Construction,0
Austin,2000-02-07,2000-02-07,Single Family,New Construction,0
Austin,2000-01-18,2000-01-18,Single Family,New Construction,0
Austin,2000-01-27,2000-01-27,Single Family,New Construction,0
Austin,2000-01-06,2000-01-06,Single Family,New Construction,0
Austin,2000-01-07,2000-01-07,Single Family,New Construction,0
Austin,2000-01-19,2000-01-19,Single Family,Alteration/Renovation,0
Austin,2000-01-20,2000-01-20,Multifamily,New Construction,0
Austin,2000-01-07,2000-01-07,Single Family,Alteration/Renovation,0
Austin,2000-01-29,2000-01-29,Single Family,Alteration/Renovation,0
Austin,1999-12-17,1999-12-17,Single Family,Alteration/Renovation,0
Austin,2000-01-18,2000-01-18,Single Family,New Construction,0
Austin,1999-12-21,1999-12-21,Single Family,Alteration/Renovation,0
Austin,2000-01-03,2000-01-03,Single Family,New Construction,0
Austin,2000-02-03,2000-02-03,Single Family,New Construction,0
Austin,2000-01-11,2000-01-11,Single Family,Alteration/Renovation,0
Austin,2000-01-31,2000-01-31,Single Family,Alteration/Renovation,0
Austin,2000-01-22,2000-01-22,Single Family,New Construction,0
Austin,2000-02-18,2000-02-18,Single Family,Alteration/Renovation,0
Austin,2000-01-07,2000-01-07,Single Family,New Construction,0
Austin,2000-01-05,2000-01-05,Single Family,New Construction,0
Austin,2000-01-25,2000-01-25,Single Family,New Construction,0
Austin,2000-01-22,2000-01-22,Single Family,New Construction,0
Austin,2000-02-07,2000-02-07,Single Family,New Construction,0
Austin,1999-12-22,1999-12-22,Multifamily,New Construction,0
Austin,2000-01-06,2000-01-06,Single Family,New Construction,0
Austin,2000-01-31,2000-01-31,Single Family,New Construction,0
Austin,2000-02-17,2000-02-17,Single Family,Alteration/Renovation,0
Austin,2000-02-16,2000-02-16,Single Family,Alteration/Renovation,0
Austin,2000-02-08,2000-02-08,Single Family,New Construction,0
Austin,2000-02-02,2000-02-02,Single Family,Alteration/Renovation,0
Austin,2000-02-16,2000-02-16,Single Family,New Construction,0
Austin,2000-01-25,2000-01-25,Single Family,New Construction,0
Austin,1999-12-16,1999-12-16,Single Family,Alteration/Renovation,0
Austin,2000-01-26,2000-01-26,Single Family,New Construction,0
Austin,2000-02-03,2000-02-03,Single Family,New Construction,0
Austin,2000-02-22,2000-02-22,Single Family,New Construction,0
Austin,2000-01-31,2000-01-31,Single Family,Alteration/Renovation,0
Austin,2000-02-16,2000-02-16,Single Family,New Construction,0
Austin,2000-02-18,2000-02-18,Single Family,New Construction,0
Austin,2000-01-06,2000-01-06,Single Family,Alteration/Renovation,0
Austin,2000-01-25,2000-01-25,Single Family,New Construction,0
Austin,2000-01-12,2000-01-12,Single Family,New Construction,0
Austin,2000-01-25,2000-01-25,Single Family,New Construction,0
Austin,1999-12-26,1999-12-26,Single Family,New Construction,0
Austin,2000-02-09,2000-02-09,Single Family,Alteration/Renovation,0
Austin,2000-02-01,2000-02-01,Single Family,New Construction,0
Austin,1999-12-16,1999-12-16,Single Family,Alteration/Renovation,0
Austin,2000-01-21,2000-01-21,Single Family,Alteration/Renovation,0
Austin,2000-01-24,2000-01-24,Single Family,New Construction,0
Austin,1999-12-21,1999-12-21,Single Family,New Construction,0
Austin,1999-12-22,1999-12-22,Single Family,New Construction,0
Austin,2000-02-07,2000-02-07,Single Family,Alteration/Renovation,0
Austin,1999-12-15,1999-12-15,Single Family,Alteration/Renovation,0
Austin,1999-12-28,1999-12-28,Single Family,New Construction,0
Austin,2000-01-05,2000-01-05,Single Family,Alteration/Renovation,0
Austin,2000-01-05,2000-01-05,Single Family,Alteration/Renovation,0
Austin,2000-01-29,2000-01-29,Single Family,Alteration/Renovation,0
Austin,2000-01-10,2000-01-10,Single Family,New Construction,0
Austin,2000-02-04,2000-02-04,Single Family,New Construction,0
Austin,2000-02-01,2000-02-01,Single Family,New Construction,0
Austin,2000-01-31,2000-01-31,Single Family,New Construction,0
Austin,2000-01-07,2000-01-07,Single Family,New Construction,0
Austin,2000-01-19,2000-01-19,Single Family,New Construction,0
Austin,1999-12-17,1999-12-17,Single Family,Alteration/Renovation,0
Austin,2000-01-19,2000-01-19,Single Family,New Construction,0
Austin,2000-01-28,2000-01-28,Single Family,Alteration/Renovation,0
Austin,2000-02-08,2000-02-08,Single Family,New Construction,0
Austin,2000-02-01,2000-02-01,Single Family,Alteration/Renovation,0
Austin,1999-12-15,1999-12-15,Single Family,Alteration/Renovation,0
Austin,2000-02-09,2000-02-09,Single Family,New Construction,0
Austin,2000-02-08,2000-02-08,Single Family,Alteration/Renovation,0
Austin,1999-12-23,1999-12-23,Single Family,Alteration/Renovation,0
Austin,2000-01-14,2000-01-14,Single Family,Alteration/Renovation,0
Austin,2000-01-04,2000-01-04,Single Family,New Construction,0
Austin,2000-01-21,2000-01-21,Single Family,New Construction,0
Austin,2000-02-16,2000-02-16,Single Family,Alteration/Renovation,0
Austin,1999-12-26,1999-12-26,Single Family,New Construction,0
Austin,2000-01-19,2000-01-19,Single Family,New Construction,0
Austin,2000-01-28,2000-01-28,Single Family,New Construction,0
Austin,2000-02-15,2000-02-15,Single Family,New Construction,0
Austin,2000-01-28,2000-01-28,Single Family,New Construction,0
Austin,2000-02-16,2000-02-16,Single Family,Alteration/Renovation,0
Austin,2000-02-02,2000-02-02,Single Family,New Construction,0
Austin,2000-02-04,2000-02-04,Multifamily,Alteration/Renovation,0
Austin,2000-01-28,2000-01-28,Single Family,New Construction,0
Austin,2000-01-07,2000-01-07,Single Family,Alteration/Renovation,0
Austin,1999-12-17,1999-12-17,Single Family,Alteration/Renovation,0
Austin,1999-12-28,1999-12-28,Single Family,Alteration/Renovation,0
Austin,2000-01-06,2000-01-06,Single Family,New Construction,0
Austin,2000-02-03,2000-02-03,Single Family,New Construction,0
Austin,2000-01-03,2000-01-03,Single Family,New Construction,0
Austin,2000-01-06,2000-01-06,Single Family,Alteration/Renovation,0
Austin,2000-01-26,2000-01-26,Single Family,New Construction,0
Austin,2000-01-28,2000-01-28,Multifamily,New Construction,0
Austin,2000-01-14,2000-01-14,Single Family,Alteration/Renovation,0
Austin,2000-01-12,2000-01-12,Single Family,New Construction,0
Austin,2000-02-09,2000-02-09,Single Family,New Construction,0
Austin,2000-02-01,2000-02-01,Single Family,Alteration/Renovation,0
Austin,2000-02-04,2000-02-04,Single Family,New Construction,0
Austin,2000-02-08,2000-02-08,Single Family,New Construction,0
Austin,2000-01-28,2000-01-28,Single Family,Alteration/Renovation,0
Austin,2000-01-18,2000-01-18,Single Family,Alteration/Renovation,0
Austin,2000-02-18,2000-02-18,Single Family,New Construction,0
Austin,2000-02-07,2000-02-07,Single Family,New Construction,0
Austin,2000-01-07,2000-01-07,Single Family,New Construction,0
Austin,2000-01-13,2000-01-13,Single Family,New Construction,0
Austin,2000-01-18,2000-01-18,Single Family,New Construction,0
Austin,1999-12-17,1999-12-17,Single Family,Alteration/Renovation,0
Austin,1999-12-29,1999-12-29,Single Family,Alteration/Renovation,0
Austin,2000-01-26,2000-01-26,Single Family,Alteration/Renovation,0
Austin,2000-01-24,2000-01-24,Single Family,Alteration/Renovation,0
Austin,2000-02-03,2000-02-03,Single Family,Alteration/Renovation,0
Austin,2000-01-27,2000-01-27,Single Family,Alteration/Renovation,0
Austin,2000-02-18,2000-02-18,Single Family,Alteration/Renovation,0
Austin,2000-01-12,2000-01-12,Single Family,Alteration/Renovation,0
